NAME,B01001_001E,B01001_008E,B01001_009E,B01001_010E,B01001_011E,B01001_012E,B14001_007E,B14001_008E,B14001_009E,B15012_002E,B15012_007E,B28010_003E,metropolitan statistical area/micropolitan statistical area
"Aberdeen, SD Micro Area",42864,312,289,913,1493,1422,2095,1872,481,205,242,13811,10100
"Aberdeen, WA Micro Area",73769,353,307,1317,2549,2384,3148,2121,223,390,456,22012,10140
"Abilene, TX Metro Area",171354,1814,1862,4765,7535,6470,8721,10790,1813,839,1114,44637,10180
"Ada, OK Micro Area",38385,420,256,818,1382,1258,1908,2442,357,311,153,9426,10220
"Adrian, MI Micro Area",98310,591,826,2028,3041,2886,5432,5529,595,479,814,28982,10300
"Aguadilla-Isabela, PR Metro Area",295172,2122,2043,5689,9519,8091,14477,17141,2139,1591,2017,45972,10380
"Akron, OH Metro Area",703286,5321,5243,14930,24309,21479,33393,42025,10070,6205,11863,223291,10420
"Alamogordo, NM Micro Area",66804,220,1012,2103,3022,2554,3656,2931,628,401,732,17307,10460
"Albany, GA Metro Area",147431,1300,938,2913,4838,4521,8475,10298,1670,821,479,38107,10500
"Albany-Lebanon, OR Metro Area",127216,878,615,2194,4393,4234,6334,4436,1138,718,1027,38029,10540
"Albany-Schenectady-Troy, NY Metro Area",880766,7162,6178,20354,29587,28338,41620,56761,14524,13528,20265,289754,10580
"Albemarle, NC Micro Area",62050,353,424,1129,2192,1858,3107,2638,321,296,291,16898,10620
"Albert Lea, MN Micro Area",30465,142,63,487,804,901,1626,873,215,111,155,9272,10660
"Albertville, AL Micro Area",96137,362,835,1693,3148,2898,5623,3703,617,608,1161,23432,10700
"Albuquerque, NM Metro Area",915986,5726,6270,17891,33540,33009,47404,51803,15756,8217,18641,274611,10740
"Alexander City, AL Micro Area",51146,248,178,1007,1434,1134,1947,1211,278,91,388,13299,10760
"Alexandria, LA Metro Area",152715,1305,1105,2686,5416,5321,8950,6990,1241,524,905,37942,10780
"Alexandria, MN Micro Area",37820,252,211,575,1153,1155,1679,1339,266,323,405,13066,10820
"Alice, TX Micro Area",51990,81,521,1216,1869,1623,3531,1652,567,164,302,9570,10860
"Allentown-Bethlehem-Easton, PA-NJ Metro Area",841265,6586,6068,14398,26759,26260,43974,42994,9658,7879,16110,253809,10900
"Alma, MI Micro Area",40692,403,315,1100,1669,1483,1851,2934,270,128,229,10588,10940
"Alpena, MI Micro Area",28431,109,124,477,836,733,1502,719,122,130,306,8997,10980
"Altoona, PA Metro Area",122495,558,585,2177,4048,3604,5871,4383,850,384,1019,36524,11020
"Altus, OK Micro Area",24808,176,230,665,977,991,1366,1227,171,114,152,6916,11060
"Amarillo, TX Metro Area",264345,1966,1961,4898,9869,10079,14268,13785,2750,1406,2221,70769,11100
"Americus, GA Micro Area",34929,262,547,570,1182,1035,1657,3352,431,72,306,8143,11140
"Ames, IA Metro Area",123736,3610,3261,6445,5064,3718,4406,26267,4592,1508,2821,41578,11180
"Amsterdam, NY Micro Area",49294,308,198,964,1521,1572,2532,1499,441,436,251,13514,11220
"Anchorage, AK Metro Area",399450,2976,3265,9853,17792,16735,21886,20434,4929,3284,7106,116729,11260
"Andrews, TX Micro Area",18227,158,112,390,700,612,1250,937,33,23,33,3944,11380
"Angola, IN Micro Area",34591,406,325,681,1022,965,1992,1815,143,219,484,10685,11420
"Ann Arbor, MI Metro Area",368385,5721,5717,12953,15395,12192,17264,49870,19001,7845,17501,125222,11460
"Anniston-Oxford, AL Metro Area",114324,884,753,2042,3953,3391,5437,6512,946,409,671,30615,11500
"Appleton, WI Metro Area",236834,1372,1487,4555,7843,7868,13462,10880,1802,1878,3564,76958,11540
"Arcadia, FL Micro Area",37371,296,239,806,1735,1770,1893,884,53,57,137,6969,11580
"Ardmore, OK Micro Area",58508,400,364,986,1990,1845,3184,1646,720,251,368,13300,11620
"Arecibo, PR Metro Area",177570,1500,1259,3296,6052,4709,8267,10354,1917,761,1468,28247,11640
"Arkadelphia, AR Micro Area",22341,493,470,638,600,669,815,3743,165,78,60,5203,11660
"Asheville, NC Metro Area",459344,1928,2477,7353,14232,13929,20383,20105,3972,4491,6225,141440,11700
"Ashland, OH Micro Area",53533,529,475,932,1521,1451,2604,3370,357,193,219,14910,11740
"Ashtabula, OH Micro Area",97416,645,649,1602,3156,2903,5005,2749,663,324,429,26470,11780
"Astoria, OR Micro Area",39656,415,174,537,1056,1405,1758,1550,204,187,330,12935,11820
"Atchison, KS Micro Area",16210,288,192,216,450,386,817,1893,62,37,38,4085,11860
"Athens, OH Micro Area",65945,1730,2207,2199,2163,1998,2416,16727,2277,306,759,16957,11900
"Athens, TN Micro Area",53392,275,413,820,1644,1603,2807,1795,152,142,620,13380,11940
"Athens, TX Micro Area",81969,533,323,1568,2391,2156,4060,2761,236,464,852,21694,11980
"Athens-Clarke County, GA Metro Area",210810,3830,3153,6650,7853,6508,9447,28994,7642,1945,1873,64848,12020
"Atlanta-Sandy Springs-Alpharetta, GA Metro Area",5947008,37856,37410,117311,211754,199620,350834,306616,90010,103053,131544,1802077,12060
"Atlantic City-Hammonton, NJ Metro Area",264650,2123,1793,4748,8427,7546,13267,15214,2796,2866,3048,79064,12100
"Atmore, AL Micro Area",36775,218,180,748,1467,1393,2324,846,127,106,87,6255,12120
"Auburn, IN Micro Area",43193,257,67,990,1534,1279,2497,1446,337,348,319,12564,12140
"Auburn, NY Micro Area",76958,461,447,1360,2847,2531,3984,3065,421,440,745,22569,12180
"Auburn-Opelika, AL Metro Area",163461,3082,2389,5942,6405,5202,7996,23770,4764,1604,3167,48806,12220
"Augusta-Richmond County, GA-SC Metro Area",605303,5251,3582,12018,22175,20080,32622,28382,7185,4654,8960,157930,12260
"Augusta-Waterville, ME Micro Area",122158,745,691,2213,3483,3621,6305,6384,1040,978,1293,41630,12300
"Austin, MN Micro Area",39931,385,212,607,1245,1181,2342,1254,235,174,167,11320,12380
"Austin-Round Rock-Georgetown, TX Metro Area",2173804,15859,14781,44962,96128,98607,109267,130493,35638,45016,74265,691138,12420
"Bainbridge, GA Micro Area",26595,78,248,488,902,789,1322,739,58,52,50,4868,12460
"Bakersfield, CA Metro Area",892458,6981,6823,21614,39315,35710,60138,51676,8095,3229,7863,194331,12540
"Baltimore-Columbia-Towson, MD Metro Area",2800427,18027,18022,52620,100159,98636,137979,155776,55836,56828,65283,874178,12580
"Bangor, ME Metro Area",151696,1072,1196,3282,5267,4997,6428,12123,2787,565,1630,49037,12620
"Baraboo, WI Micro Area",64152,537,295,889,1831,1995,3034,1806,345,320,650,20232,12660
"Bardstown, KY Micro Area",45915,178,280,934,1557,1269,2365,1260,246,332,298,13018,12680
"Barnstable Town, MA Metro Area",213505,987,828,4240,5148,4586,8786,7894,2145,2345,4666,81813,12700
"Barre, VT Micro Area",58336,462,549,1207,1526,1643,2930,3575,503,485,1110,20371,12740
"Bartlesville, OK Micro Area",51995,334,290,874,1584,1638,2812,1922,243,673,819,14801,12780
"Batavia, NY Micro Area",57554,221,323,1139,2170,1831,2679,1865,340,301,551,18319,12860
"Batesville, AR Micro Area",54802,341,297,1057,1420,1555,2856,2195,430,178,245,13503,12900
"Baton Rouge, LA Metro Area",856779,7673,5975,20903,31573,29868,45275,53031,12690,5522,12697,229598,12940
"Battle Creek, MI Metro Area",133943,1168,958,2239,4273,3755,7301,6540,755,632,1289,38032,12980
"Bay City, MI Metro Area",103506,722,420,1747,3607,2978,5415,4288,536,309,983,32502,13020
"Bay City, TX Micro Area",36791,226,121,755,1247,1035,2011,1362,458,161,510,8691,13060
"Beatrice, NE Micro Area",21548,124,84,440,527,609,1228,506,133,14,124,6627,13100
"Beaumont-Port Arthur, TX Metro Area",394268,3037,2723,7707,14951,14417,20783,15875,2448,1480,4731,98832,13140
"Beaver Dam, WI Micro Area",87569,552,350,1702,2982,3111,4532,2790,554,378,759,26824,13180
"Beckley, WV Metro Area",117539,670,841,1868,3618,3330,5028,4230,735,392,490,31550,13220
"Bedford, IN Micro Area",45552,193,263,804,1375,1238,2134,1594,322,145,700,13006,13260
"Beeville, TX Micro Area",32609,313,271,1246,2123,1972,1727,1323,521,66,104,5458,13300
"Bellefontaine, OH Micro Area",45315,288,256,762,1359,1159,2363,1185,242,67,393,14191,13340
"Bellingham, WA Metro Area",224538,2825,2712,6226,8546,7224,9381,20892,2096,1647,3961,75893,13380
"Bemidji, MN Micro Area",46784,508,777,1031,1561,1393,2481,3739,606,240,230,13466,13420
"Bend, OR Metro Area",191749,668,736,3247,6311,6602,8729,7145,1401,1380,2927,67291,13460
"Bennettsville, SC Micro Area",26376,170,149,576,1132,1109,1572,791,87,62,32,4515,13500
"Bennington, VT Micro Area",35649,209,268,782,937,822,1641,1848,265,209,429,12008,13540
"Berlin, NH Micro Area",31486,261,90,587,1148,987,1307,906,194,126,274,10608,13620
"Big Rapids, MI Micro Area",43481,954,690,1376,1359,1053,1891,6103,737,243,292,12012,13660
"Big Spring, TX Micro Area",36213,385,140,664,1577,1534,2053,1211,120,53,128,7812,13700
"Big Stone Gap, VA Micro Area",42001,248,259,1101,1717,1518,1984,1936,340,158,96,10686,13720
"Billings, MT Metro Area",180641,633,853,3687,6054,5847,8645,5931,1522,801,2995,60952,13740
"Binghamton, NY Metro Area",240473,2416,3000,5950,7070,6534,11295,19290,4254,3127,5003,77666,13780
"Birmingham-Hoover, AL Metro Area",1088170,7227,6614,18914,37451,35184,56720,50738,14726,10715,16398,310557,13820
"Bismarck, ND Metro Area",128589,765,895,2565,4779,5054,5438,5378,1604,856,1711,43788,13900
"Blackfoot, ID Micro Area",46246,335,309,753,1374,1302,3127,1500,308,275,467,12069,13940
"Blacksburg-Christiansburg, VA Metro Area",167201,3792,2991,6077,6117,4871,6299,33123,5380,1883,4430,46992,13980
"Bloomington, IL Metro Area",172164,2534,3205,4628,5698,5393,8627,23789,3052,4331,2026,54886,14010
"Bloomington, IN Metro Area",168172,3470,4268,6559,6884,5287,6068,32199,7357,2303,2587,53058,14020
"Bloomsburg-Berwick, PA Metro Area",83568,679,749,2043,2404,2465,3619,7065,882,672,720,24635,14100
"Bluefield, WV-VA Micro Area",106905,904,399,2005,3177,3026,4819,4354,743,590,622,27066,14140
"Bluffton, IN Micro Area",28010,89,318,370,858,735,1480,778,152,134,371,8257,14160
"Blytheville, AR Micro Area",41396,230,233,840,1566,1284,2503,1182,521,51,148,9941,14180
"Bogalusa, LA Micro Area",46325,384,304,677,1458,1152,2319,1528,103,131,123,9865,14220
"Boise City, ID Metro Area",730483,4929,4787,13898,25974,25096,42933,37516,8585,7435,13219,229880,14260
"Bonham, TX Micro Area",35046,279,319,716,1339,1249,2097,1160,91,135,168,8498,14300
"Boone, NC Micro Area",55669,2147,869,2561,1864,1504,1844,13707,1542,752,453,17656,14380
"Borger, TX Micro Area",21105,294,86,231,636,789,1210,1100,43,72,274,4922,14420
"Boston-Cambridge-Newton, MA-NH Metro Area",4854808,34256,35491,101859,190059,178865,236443,306845,116494,98101,166918,1565760,14460
"Boulder, CO Metro Area",324682,4531,3802,9281,13338,11328,15633,35517,8576,9935,16387,115937,14500
"Bowling Green, KY Metro Area",176852,1847,1694,5612,6376,5461,8488,15357,2042,957,1716,48959,14540
"Bozeman, MT Micro Area",111401,1873,1425,4395,5473,4446,3798,12779,2946,1465,3298,40355,14580
"Bradford, PA Micro Area",41021,116,274,910,1338,1389,2164,1571,184,170,300,12133,14620
"Brainerd, MN Micro Area",94237,459,446,1339,2565,2496,4494,2032,594,534,790,30964,14660
"Branson, MO Micro Area",55563,232,376,1098,1751,1389,2676,2695,323,245,108,17138,14700
"Breckenridge, CO Micro Area",30735,241,86,580,1873,1557,1106,863,513,303,1145,10412,14720
"Bremerton-Silverdale-Port Orchard, WA Metro Area",268945,2333,2186,8040,11523,9971,12091,11641,2395,3243,7274,93702,14740
"Brenham, TX Micro Area",35275,256,183,718,666,624,1748,2460,250,180,254,8972,14780
"Brevard, NC Micro Area",34039,167,232,670,736,855,1351,1359,267,165,478,10617,14820
"Bridgeport-Stamford-Norwalk, CT Metro Area",944306,5026,5901,19705,27094,27313,56120,51590,14588,15475,21825,292143,14860
"Brookhaven, MS Micro Area",34197,222,141,532,1026,917,1896,1394,56,68,239,7571,15020
"Brookings, OR Micro Area",22889,154,9,250,716,359,708,185,122,71,266,8422,15060
"Brookings, SD Micro Area",35115,872,883,1327,1663,1136,1329,7153,1004,333,877,10725,15100
"Brownsville, TN Micro Area",17391,68,81,272,468,447,914,305,140,26,136,3812,15140
"Brownsville-Harlingen, TX Metro Area",422135,4083,3265,8787,14082,12140,29571,19191,2461,1483,2761,72804,15180
"Brownwood, TX Micro Area",37805,182,204,769,1185,1088,2046,1450,307,241,326,9807,15220
"Brunswick, GA Metro Area",118149,754,781,1763,3579,3023,6065,3951,867,505,915,33007,15260
"Bucyrus-Galion, OH Micro Area",41603,149,328,704,1335,1042,2091,1164,103,73,205,12657,15340
"Buffalo-Cheektowaga, NY Metro Area",1129018,7391,7706,21128,41247,38090,54943,60207,17116,11023,16428,363737,15380
"Burley, ID Micro Area",44664,287,197,887,1600,1352,3200,1206,278,84,149,11181,15420
"Burlington, IA-IL Micro Area",45964,200,163,811,1385,1212,2222,1344,205,100,450,13781,15460
"Burlington, NC Metro Area",166144,948,1374,2924,4978,4883,8789,11519,1064,1220,1493,47970,15500
"Burlington-South Burlington, VT Metro Area",219764,2204,2399,6043,8184,7404,9677,19854,4578,2834,5258,74782,15540
"Butte-Silver Bow, MT Micro Area",34895,196,407,999,1153,1074,1345,2059,334,440,790,10850,15580
"Cadillac, MI Micro Area",48508,245,197,939,1406,1396,2586,1105,159,184,422,13751,15620
"Calhoun, GA Micro Area",57756,287,455,1067,1705,1889,2906,1900,297,368,357,14781,15660
"California-Lexington Park, MD Metro Area",113182,746,792,2104,4148,4087,6417,5985,1951,1841,4606,35028,15680
"Cambridge, MD Micro Area",31994,222,128,395,922,826,1568,1163,267,173,206,9310,15700
"Cambridge, OH Micro Area",38996,231,193,774,1211,1199,2104,1264,226,118,258,10591,15740
"Camden, AR Micro Area",28757,149,243,579,626,860,1418,955,82,42,324,6129,15780
"Campbellsville, KY Micro Area",36572,213,363,723,1217,1132,2019,2048,273,233,70,9043,15820
"Cañon City, CO Micro Area",47725,94,120,1156,2224,2635,1992,845,291,319,368,13498,15860
"Canton-Massillon, OH Metro Area",398711,2619,2356,7220,12219,11207,20171,17503,3268,2245,4395,122053,15940
"Cape Coral-Fort Myers, FL Metro Area",756570,4492,3691,10491,21250,20413,32492,30186,6477,5152,11527,235348,15980
"Cape Girardeau, MO-IL Metro Area",97026,1158,829,2505,3014,2800,4287,8225,1024,585,587,25831,16020
"Carbondale-Marion, IL Metro Area",136837,1157,1748,3718,5385,4601,5956,12037,3020,1019,1405,37914,16060
"Carlsbad-Artesia, NM Micro Area",57865,158,475,1301,2122,2143,3252,1417,551,235,547,14740,16100
"Carroll, IA Micro Area",20150,96,35,620,482,512,995,486,112,117,74,6589,16140
"Carson City, NV Metro Area",55244,231,311,1180,1987,1955,2651,2245,416,275,710,17972,16180
"Casper, WY Metro Area",80067,508,268,1341,3130,2928,4163,3812,753,312,1087,26155,16220
"Cedar City, UT Micro Area",53148,506,891,1617,2076,1629,3467,5892,513,217,446,14728,16260
"Cedar Rapids, IA Metro Area",271734,1676,1714,5304,9338,8776,13854,12664,2525,3093,5744,88561,16300
"Cedartown, GA Micro Area",42251,269,323,869,1357,1343,2174,1282,112,45,98,9778,16340
"Celina, OH Micro Area",41034,212,295,688,1256,1178,2419,1087,190,140,470,12674,16380
"Central City, KY Micro Area",30815,242,400,444,1007,919,1663,859,203,355,119,7545,16420
"Centralia, IL Micro Area",37524,171,216,643,1266,1012,1724,1041,220,85,141,10827,16460
"Centralia, WA Micro Area",79430,296,442,1473,2477,2375,4003,3039,677,357,722,24020,16500
"Chambersburg-Waynesboro, PA Metro Area",154954,750,681,2565,4715,4564,8235,5001,1363,1108,1324,47260,16540
"Champaign-Urbana, IL Metro Area",226418,4111,4162,9785,8987,7475,9110,35120,12378,3231,4787,74819,16580
"Charleston, WV Metro Area",260920,1042,1734,4413,7755,7603,11564,7742,2492,1308,2422,73368,16620
"Charleston-Mattoon, IL Micro Area",61852,619,1006,1710,1915,1979,2439,6952,941,303,421,18465,16660
"Charleston-North Charleston, SC Metro Area",790955,5611,5855,15132,30749,30114,36918,38002,12011,8464,14858,237394,16700
"Charlotte-Concord-Gastonia, NC-SC Metro Area",2595027,14987,15727,47584,91936,88004,140994,120781,28679,36674,48637,780864,16740
"Charlottesville, VA Metro Area",217455,2076,1889,4713,7298,7262,8719,19328,6800,3231,4780,71419,16820
"Chattanooga, TN-GA Metro Area",561055,3617,3139,10020,19600,18351,25836,29060,5162,4131,9406,162465,16860
"Cheyenne, WY Metro Area",99272,663,625,2373,4144,3759,4885,5385,1164,688,1416,33355,16940
"Chicago-Naperville-Elgin, IL-IN-WI Metro Area",9478801,61313,60289,190198,348038,338102,517602,476308,157023,139795,195530,2851577,16980
"Cincinnati, OH-KY-IN Metro Area",2214265,16002,15208,42535,76612,72296,116615,110734,27760,25413,45750,684674,17140
"Clarksburg, WV Micro Area",92936,500,458,1546,2944,2847,4149,2847,693,379,814,25367,17220
"Clarksdale, MS Micro Area",22685,228,66,410,720,573,1308,1261,205,66,32,4711,17260
"Clarksville, TN-KY Metro Area",304584,3007,3068,10102,15970,12303,15030,18727,4252,1676,2739,86835,17300
"Clearlake, CA Micro Area",64276,258,530,848,1851,1653,3067,2580,281,366,550,18499,17340
"Cleveland, MS Micro Area",31253,205,167,710,1073,1006,1654,2606,380,86,240,7043,17380
"Cleveland, TN Metro Area",123731,1209,738,2007,4011,3521,6242,7655,845,666,1355,34156,17420
"Cleveland-Elyria, OH Metro Area",2053137,12830,11645,38751,68178,62985,106938,97065,27093,19672,35614,662367,17460
"Clewiston, FL Micro Area",41472,320,304,1010,1558,1619,2188,1524,214,11,91,7255,17500
"Clinton, IA Micro Area",46734,203,276,660,1228,1230,2351,1417,374,126,306,13802,17540
"Clovis, NM Micro Area",49502,433,672,1774,2436,2160,2441,2926,971,176,271,13117,17580
"Coamo, PR Micro Area",38603,187,225,708,1175,1083,1741,2012,237,148,182,5447,17620
"Coco, PR Micro Area",27638,51,246,649,926,705,1749,1061,123,88,85,3738,17640
"Coeur d'Alene, ID Metro Area",161676,1449,541,2528,5081,4848,8104,5415,1012,843,1460,52240,17660
"Coffeyville, KS Micro Area",32114,168,222,624,880,1069,1448,1503,244,150,295,9306,17700
"Coldwater, MI Micro Area",43428,243,227,683,1393,1349,2249,1080,114,142,275,11522,17740
"College Station-Bryan, TX Metro Area",261701,7772,4828,11345,11653,9003,11114,46992,11310,2529,6325,75541,17780
"Colorado Springs, CO Metro Area",735480,6051,6700,20267,32411,28829,38671,46030,10793,14336,15332,237750,17820
"Columbia, MO Metro Area",207248,3248,3884,6344,8374,7054,8597,26483,6958,2243,2913,67626,17860
"Columbia, SC Metro Area",832925,8373,6750,18436,29883,26577,42057,50617,13120,7606,11311,245729,17900
"Columbus, GA-AL Metro Area",319643,2744,2609,7303,13897,11891,16694,17938,4726,2893,1723,83354,17980
"Columbus, IN Metro Area",83280,543,419,1821,3324,2907,4734,2431,779,1286,4745,24388,18020
"Columbus, MS Micro Area",58896,257,505,1229,2158,1804,3002,3190,485,232,452,14088,18060
"Columbus, NE Micro Area",33250,153,111,580,1119,1019,1856,781,305,113,474,9744,18100
"Columbus, OH Metro Area",2101543,14374,14057,40464,84799,80425,109874,112527,32067,29391,39932,650111,18140
"Concord, NH Micro Area",150902,1158,1064,2876,4768,4884,7808,8211,1973,1490,2891,49612,18180
"Connersville, IN Micro Area",23068,91,170,450,711,532,1213,625,102,273,79,6597,18220
"Cookeville, TN Micro Area",112480,1305,1155,2944,3974,3120,4837,8635,1020,481,1162,31983,18260
"Coos Bay, OR Micro Area",64175,287,362,837,1793,1747,2861,1645,464,225,562,20274,18300
"Cordele, GA Micro Area",22509,63,358,229,379,627,1305,1108,71,21,62,4765,18380
"Corinth, MS Micro Area",37058,202,286,565,1181,1177,1835,1313,285,215,178,8773,18420
"Cornelia, GA Micro Area",45204,436,181,876,1335,1283,2325,2550,264,299,203,10352,18460
"Corning, NY Micro Area",95843,497,500,1705,2809,2899,4771,2701,567,776,1977,30144,18500
"Corpus Christi, TX Metro Area",429120,2659,3142,9424,16122,15387,23516,22162,2921,2110,4444,104561,18580
"Corsicana, TX Micro Area",49475,299,361,965,1401,1255,2915,1918,301,92,221,11386,18620
"Cortland, NY Micro Area",47618,696,844,1149,1354,1327,2300,5709,526,304,401,14416,18660
"Corvallis, OR Metro Area",92168,2055,2040,4136,3716,2732,3848,17509,3739,1530,3251,32580,18700
"Coshocton, OH Micro Area",36558,214,160,551,1073,981,1800,777,358,134,140,9375,18740
"Craig, CO Micro Area",13150,25,91,256,676,399,631,295,141,39,97,3861,18780
"Crawfordsville, IN Micro Area",38295,567,389,465,1236,1116,2006,1599,189,184,463,11415,18820
"Chico, CA Metro Area",223344,2920,2619,6788,8390,6679,11204,24428,2153,1647,2080,68763,17020
"Chillicothe, OH Micro Area",76816,451,464,1615,2793,2869,4212,2189,392,196,398,20806,17060
"Crescent City, CA Micro Area",27692,146,89,527,1316,1138,1699,765,136,141,268,7616,18860
"Crestview-Fort Walton Beach-Destin, FL Metro Area",278479,1829,1949,6402,11473,10886,12692,11343,3343,3468,6528,88375,18880
"Crossville, TN Micro Area",60016,326,251,879,1639,1362,2188,1146,304,298,498,19726,18900
"Cullman, AL Micro Area",83345,654,440,1181,2692,2532,4132,2482,434,229,347,20044,18980
"Cullowhee, NC Micro Area",57676,773,860,1671,1652,1558,2316,7195,623,375,336,15434,19000
"Cumberland, MD-WV Metro Area",98049,1095,897,1902,3515,3316,4026,6484,947,529,755,26989,19060
"Dallas-Fort Worth-Arlington, TX Metro Area",7451858,47772,47401,149529,277769,273685,435721,373827,99216,113356,167546,2130190,19100
"Dalton, GA Metro Area",143911,1053,1100,2659,5201,4461,9010,5916,537,483,850,33561,19140
"Danville, IL Metro Area",76704,572,397,1399,2315,2308,4159,2510,460,237,411,20408,19180
"Danville, KY Micro Area",54583,497,341,1075,1813,1550,2686,3047,266,287,324,13878,19220
"Danville, VA Micro Area",101535,717,458,1827,3054,2705,4997,3581,768,451,624,27359,19260
"Daphne-Fairhope-Foley, AL Metro Area",218289,1177,792,3581,6064,5977,10730,7403,1209,1081,3918,65337,19300
"Davenport-Moline-Rock Island, IA-IL Metro Area",380274,2785,2311,6082,11674,11903,19686,15708,3799,2835,5902,115115,19340
"Dayton, TN Micro Area",32964,116,126,827,1087,941,1651,1450,355,50,264,8092,19420
"Dayton-Kettering, OH Metro Area",805929,6568,6084,14700,28116,25730,40051,50608,12711,7365,17729,255796,19430
"Decatur, AL Metro Area",152321,713,1355,2172,5038,4524,7983,5728,893,910,2352,38922,19460
"Decatur, IL Metro Area",104688,735,508,1803,3171,2938,5204,3795,759,503,1049,31024,19500
"Decatur, IN Micro Area",35544,210,173,746,1136,930,1653,805,158,105,213,8008,19540
"Defiance, OH Micro Area",38024,194,273,717,1207,1105,2045,1684,180,146,324,11642,19580
"Del Rio, TX Micro Area",49018,586,359,1395,2170,1832,3185,1970,365,225,291,9997,19620
"Deltona-Daytona Beach-Ormond Beach, FL Metro Area",658961,4171,4145,10119,19783,18196,28916,33167,5120,4562,8486,207423,19660
"Deming, NM Micro Area",24022,223,132,418,674,884,1102,481,103,17,135,4150,19700
"Denver-Aurora-Lakewood, CO Metro Area",2928437,17668,16116,52939,125102,128669,151127,125213,43309,47251,81084,950429,19740
"DeRidder, LA Micro Area",37387,445,332,519,1397,1418,2127,1071,182,76,116,9953,19760
"Des Moines-West Des Moines, IA Metro Area",690585,4296,3434,13045,25211,25762,37329,27951,7716,8282,8162,218595,19780
"Detroit-Warren-Dearborn, MI Metro Area",4317384,25420,23922,84962,155824,135524,233414,203499,53915,46310,133161,1326600,19820
"Dickinson, ND Micro Area",32050,243,156,588,1350,1413,1368,1227,102,145,409,9480,19860
"Dixon, IL Micro Area",34204,239,146,595,1287,1281,1789,1129,134,131,207,9705,19940
"Dodge City, KS Micro Area",33718,265,182,850,1355,1193,2266,1372,161,89,164,7011,19980
"Dothan, AL Metro Area",148825,839,999,2202,4504,4306,7424,5834,1259,736,1180,36355,20020
"Douglas, GA Micro Area",51381,427,370,973,2185,1604,3054,2160,354,110,187,10806,20060
"Dover, DE Metro Area",179124,1114,1528,3880,6467,5600,8394,11442,2588,1047,1336,51899,20100
"Dublin, GA Micro Area",63908,373,346,1335,2063,1683,3356,2159,594,210,299,13747,20140
"DuBois, PA Micro Area",79466,417,588,1403,2881,2668,3323,2000,394,398,616,22001,20180
"Dubuque, IA Metro Area",97193,590,761,2021,3176,3032,5147,5399,1031,1047,1688,29663,20220
"Duluth, MN-WI Metro Area",289276,2871,2312,6539,8939,8764,13231,19752,3451,1819,3376,93290,20260
"Dumas, TX Micro Area",21169,237,36,630,750,678,1321,510,86,80,199,4125,20300
"Duncan, OK Micro Area",43401,244,271,595,1285,1239,2480,1021,183,114,281,10947,20340
"Durango, CO Micro Area",56138,353,237,1206,1923,1860,2502,3250,652,762,924,17531,20420
"Durant, OK Micro Area",47325,340,378,897,1700,1652,2447,2715,379,231,138,11563,20460
"Durham-Chapel Hill, NC Metro Area",636256,5505,5066,12963,23168,22657,31857,47283,19866,11141,13775,206240,20500
"Dyersburg, TN Micro Area",37201,299,218,635,1114,1093,1837,1395,151,116,238,10171,20540
"Eagle Pass, TX Micro Area",58098,525,781,1291,2264,1910,4596,2165,153,233,649,8840,20580
"Easton, MD Micro Area",37087,185,123,360,949,794,1729,1365,321,386,757,13595,20660
"East Stroudsburg, PA Metro Area",168824,1029,1142,3991,5304,4684,10291,8547,1835,1131,1732,49389,20700
"Eau Claire, WI Metro Area",168307,1845,1922,4054,5831,5710,7858,14115,1224,1425,1397,53793,20740
"Edwards, CO Micro Area",54960,392,198,879,2388,2534,3018,1698,570,784,818,14887,20780
"Effingham, IL Micro Area",34151,140,308,535,1295,1151,1658,1123,199,143,423,10080,20820
"El Campo, TX Micro Area",41672,364,349,865,1182,1133,2564,1806,134,71,251,9073,20900
"El Centro, CA Metro Area",180580,1150,2202,3835,7905,7310,13740,11871,1352,512,1191,30307,20940
"El Dorado, AR Micro Area",39089,214,294,624,1134,1138,2212,1414,269,270,344,9814,20980
"Elizabeth City, NC Micro Area",53288,363,347,760,1697,1579,2430,3326,362,422,508,14617,21020
"Elizabethtown-Fort Knox, KY Metro Area",152275,737,1056,3822,5275,4943,8015,6432,1258,1194,940,43469,21060
"Elk City, OK Micro Area",21860,231,180,380,969,1026,1441,600,146,156,136,4963,21120
"Elkhart-Goshen, IN Metro Area",205184,1609,1192,3902,6905,6384,11923,6138,631,792,1181,51567,21140
"Elkins, WV Micro Area",28763,194,186,517,1032,894,1182,841,67,61,167,6678,21180
"Elko, NV Micro Area",54376,322,278,1084,2057,2074,3175,1964,546,181,535,14808,21220
"Ellensburg, WA Micro Area",47097,965,816,1567,1865,1500,1833,8120,608,412,572,16335,21260
"Elmira, NY Metro Area",84115,509,678,1312,2963,2938,4199,3076,421,315,1137,25506,21300
"El Paso, TX Metro Area",841602,7584,8141,22188,35963,30436,52769,62481,13092,5286,10172,194007,21340
"Emporia, KS Micro Area",35841,726,378,965,1221,786,1684,3912,478,129,136,10716,21380
"Enid, OK Metro Area",61555,500,418,1286,2236,2106,3383,1835,612,121,460,16579,21420
"Enterprise, AL Micro Area",52238,194,293,875,1965,1697,3012,2097,453,274,524,14252,21460
"Erie, PA Metro Area",272046,1858,1901,5448,9462,8754,12785,14804,3674,2180,3405,81317,21500
"Escanaba, MI Micro Area",35874,258,200,382,976,955,1960,813,122,100,345,11179,21540
"Española, NM Micro Area",38962,303,205,602,1133,1070,2000,1124,129,368,431,7268,21580
"Eufaula, AL-GA Micro Area",27316,518,103,455,1238,1197,1466,955,108,41,141,5252,21640
"Eugene-Springfield, OR Metro Area",377749,4120,3305,10349,13821,11712,16542,29738,5208,2435,3282,128230,21660
"Eureka-Arcata, CA Micro Area",136101,1234,953,3717,4929,4723,5658,11851,1781,805,1454,42600,21700
"Evanston, WY Micro Area",20374,45,103,401,551,671,1314,545,46,105,90,6246,21740
"Evansville, IN-KY Metro Area",315186,1678,2057,5951,10582,9829,15885,15145,2675,2425,3634,95428,21780
"Fairbanks, AK Metro Area",98455,1443,1228,3892,5626,4319,4144,6864,1696,500,1431,30589,21820
"Fairfield, IA Micro Area",18153,136,297,295,820,603,702,786,797,689,153,5397,21840
"Fairmont, MN Micro Area",19737,94,147,261,528,603,942,488,66,87,126,5982,21860
"Fairmont, WV Micro Area",56233,305,599,1479,1736,1623,2375,3179,573,245,504,16335,21900
"Fallon, NV Micro Area",24606,159,218,590,790,870,1151,929,122,251,84,7883,21980
"Fargo, ND-MN Metro Area",243966,2510,2763,7302,10999,10195,10514,22773,4833,2355,3084,84361,22020
"Faribault-Northfield, MN Micro Area",66549,1031,1056,1412,1925,2259,3229,7455,519,409,677,17770,22060
"Farmington, MO Micro Area",66653,429,534,1442,3074,2800,3727,1812,522,114,215,16283,22100
"Farmington, NM Metro Area",125608,1029,731,2059,4447,4305,7188,6178,919,263,1041,28184,22140
"Fayetteville, NC Metro Area",523480,5248,6155,14570,25203,20501,27646,37668,8024,3442,2866,146893,22180
"Fayetteville-Springdale-Rogers, AR Metro Area",526101,4880,3966,12385,20496,19618,28221,32400,6113,7007,8716,152239,22220
"Fergus Falls, MN Micro Area",58416,294,317,849,1383,1539,2770,1263,340,274,536,18045,22260
"Fernley, NV Micro Area",55667,239,167,840,1859,1782,2622,1510,322,210,492,17035,22280
"Findlay, OH Micro Area",75765,325,523,1533,2720,2620,3714,3682,996,699,1429,25567,22300
"Fitzgerald, GA Micro Area",16889,98,60,309,400,344,1278,407,69,67,19,3780,22340
"Flagstaff, AZ Metro Area",142254,2364,2051,4581,5805,4524,6220,22742,2861,996,1850,38039,22380
"Flint, MI Metro Area",406770,2599,2570,7621,13191,11112,22896,16169,3435,1990,4625,122270,22420
"Florence, SC Metro Area",205095,1206,1059,3785,6373,5747,11109,9844,1924,1118,1718,51212,22500
"Florence-Muscle Shoals, AL Metro Area",147827,1423,591,3191,4842,4305,6672,8320,986,883,1115,39351,22520
"Fond du Lac, WI Metro Area",102654,761,738,1780,2889,3035,5070,4927,609,460,1165,32901,22540
"Forest City, NC Micro Area",66741,429,326,938,1824,1717,3104,2138,357,213,331,18590,22580
"Forrest City, AR Micro Area",25477,198,123,471,1420,1106,1473,643,109,13,188,4428,22620
"Fort Collins, CO Metro Area",350523,3815,3109,11787,14886,12353,16453,34312,7003,5868,10412,120435,22660
"Fort Dodge, IA Micro Area",36348,389,353,888,1457,1082,1724,1970,267,137,220,10603,22700
"Fort Leonard Wood, MO Micro Area",52359,1285,844,2525,3207,2363,3828,3815,1066,288,565,12132,22780
"Fort Madison-Keokuk, IA-IL-MO Micro Area",58549,411,361,902,1749,1552,2783,1782,191,153,313,16920,22800
"Fort Morgan, CO Micro Area",28617,179,151,586,957,1061,1752,658,157,93,95,7490,22820
"Fort Payne, AL Micro Area",71430,600,585,940,2250,2015,3807,2537,215,161,268,16703,22840
"Fort Polk South, LA Micro Area",49315,843,655,1950,2849,2038,2382,2381,447,249,278,12549,22860
"Fort Smith, AR-OK Metro Area",250260,1852,1569,4588,8102,7877,12809,9497,1532,1231,1903,63065,22900
"Fort Wayne, IN Metro Area",409419,1850,3008,8436,14570,13237,23026,17575,3719,3607,4900,124822,23060
"Frankfort, IN Micro Area",32186,128,197,586,988,1003,2064,906,72,36,100,7690,23140
"Frankfort, KY Micro Area",73324,627,232,1536,2462,2216,3560,3147,771,984,505,21906,23180
"Fredericksburg, TX Micro Area",26668,71,31,486,586,547,1245,382,109,129,438,8218,23240
"Freeport, IL Micro Area",44683,185,233,843,1199,1197,1991,1419,189,233,309,14399,23300
"Fremont, NE Micro Area",36565,325,238,675,1022,1085,1841,1775,307,91,78,11230,23340
"Fremont, OH Micro Area",58801,287,300,938,1729,1689,3221,1980,255,105,474,17273,23380
"Fresno, CA Metro Area",990204,8176,7500,20419,40817,37161,62821,64230,10162,4089,7100,222513,23420
"Gadsden, AL Metro Area",102721,662,627,1909,3229,2647,5523,3950,469,295,485,24943,23460
"Gaffney, SC Micro Area",57110,339,438,1005,1925,1616,2827,2394,493,175,250,13003,23500
"Gainesville, FL Metro Area",327329,5155,5249,11869,13199,10741,12026,44524,13395,3059,6136,99636,23540
"Gainesville, GA Metro Area",201434,1399,1212,4221,6902,6441,11313,8548,1387,1358,1766,51933,23580
"Gainesville, TX Micro Area",40428,163,230,854,1284,1142,2299,1591,211,259,275,10515,23620
"Galesburg, IL Micro Area",50052,545,550,872,1548,1545,2272,3173,274,272,247,13379,23660
"Gallup, NM Micro Area",71956,571,372,1515,2787,2567,4415,2693,408,147,327,9584,23700
"Garden City, KS Micro Area",40314,501,246,873,1464,1350,2636,1942,264,31,119,9199,23780
"Gardnerville Ranchos, NV Micro Area",48486,112,287,677,1127,1247,2082,1632,324,447,1108,18112,23820
"Georgetown, SC Micro Area",62150,252,351,957,1513,1368,2896,1946,469,174,1143,19442,23860
"Gettysburg, PA Metro Area",102627,681,839,1842,2897,2769,4673,5554,792,777,797,30561,23900
"Gillette, WY Micro Area",61402,571,314,807,2113,2409,3306,1882,652,89,541,18524,23940
"Glasgow, KY Micro Area",54088,374,184,1052,1593,1450,2638,1389,314,78,191,13955,23980
"Glens Falls, NY Metro Area",125491,543,844,2417,4078,3758,5867,3712,894,941,1343,40320,24020
"Glenwood Springs, CO Micro Area",77585,366,304,1541,2706,2933,3903,2416,685,669,1019,22560,24060
"Gloversville, NY Micro Area",53452,435,254,916,1662,1588,2498,1972,314,223,324,14367,24100
"Goldsboro, NC Metro Area",123785,1156,858,2848,4638,3853,6939,6707,1055,495,517,33666,24140
"Granbury, TX Micro Area",60025,267,398,696,1502,1524,2648,1660,404,593,925,19256,24180
"Grand Forks, ND-MN Metro Area",101627,1652,1598,3302,4731,3793,4073,11732,1738,542,861,34082,24220
"Grand Island, NE Metro Area",75592,376,483,1400,2441,2382,4469,1932,495,204,428,20859,24260
"Grand Junction, CO Metro Area",152962,924,1083,2636,5366,5224,7624,8220,1277,993,1880,48390,24300
"Grand Rapids, MN Micro Area",45180,153,340,510,1136,1151,2327,1559,226,172,536,14233,24330
"Grand Rapids-Kentwood, MI Metro Area",1069696,8070,7820,24350,41269,37330,57776,61091,11183,9683,16821,315526,24340
"Grants, NM Micro Area",26763,181,99,572,1108,1056,1519,838,387,37,189,4867,24380
"Grants Pass, OR Metro Area",87097,440,374,1206,2363,2522,4099,3022,402,185,681,28286,24420
"Great Bend, KS Micro Area",26209,197,221,338,889,846,1371,895,162,90,228,7058,24460
"Great Falls, MT Metro Area",81576,693,551,1857,3409,2857,3780,3091,769,448,763,25401,24500
"Greeley, CO Metro Area",315389,2390,2390,5217,12156,12651,17399,17364,3338,2732,4178,84201,24540
"Green Bay, WI Metro Area",320827,2085,1584,6350,10629,10471,16830,15716,2807,2735,3955,101723,24580
"Greeneville, TN Micro Area",69077,541,464,1082,1982,1770,3655,2823,286,211,423,16900,24620
"Greensboro-High Point, NC Metro Area",767467,5628,5243,14189,25841,22469,40246,51021,8324,7123,9665,226937,24660
"Greensburg, IN Micro Area",26587,124,142,744,824,853,1503,665,222,133,255,7528,24700
"Greenville, MS Micro Area",45072,271,486,656,1395,1201,2516,2080,889,172,224,10095,24740
"Greenville, NC Metro Area",179961,2156,1853,6499,6687,5165,8080,25072,4301,1103,1335,54012,24780
"Greenville, OH Micro Area",51387,273,274,962,1408,1332,3035,1505,289,156,206,15352,24820
"Greenville-Anderson, SC Metro Area",908680,7482,7615,16912,30976,28199,44341,52542,11030,6609,19195,262973,24860
"Greenwood, MS Micro Area",38736,178,171,521,1478,1037,2258,1971,298,182,420,7943,24900
"Greenwood, SC Micro Area",70672,460,967,769,2073,1915,3247,4392,428,341,1282,17920,24940
"Grenada, MS Micro Area",20927,44,117,273,949,527,990,589,393,76,94,4907,24980
"Guayama, PR Metro Area",74291,706,447,1580,2898,2249,4253,4078,527,286,258,9955,25020
"Gulfport-Biloxi, MS Metro Area",414662,3077,2702,8223,13991,12711,21140,19231,3312,3515,4258,116212,25060
"Guymon, OK Micro Area",20633,299,187,368,873,862,1292,989,144,82,80,4296,25100
"Hagerstown-Martinsburg, MD-WV Metro Area",285990,1838,1882,4872,10246,9596,14291,10966,2616,2488,2705,82295,25180
"Hailey, ID Micro Area",23798,170,101,336,644,572,1375,314,150,24,223,7118,25200
"Hammond, LA Metro Area",133753,1406,870,2478,4914,4657,6046,8415,906,305,732,32998,25220
"Hanford-Corcoran, CA Metro Area",151090,1456,1573,4427,7921,7250,11069,9608,1159,489,1002,30864,25260
"Hannibal, MO Micro Area",38830,263,270,608,1069,1055,1729,1648,180,83,178,10978,25300
"Harrisburg-Carlisle, PA Metro Area",574691,3760,3209,10747,19695,19538,27844,26614,7539,7027,9103,183349,25420
"Harrison, AR Micro Area",45278,284,209,799,1399,1171,2115,1163,197,355,338,12896,25460
"Harrisonburg, VA Metro Area",134696,1630,2008,3391,4431,4154,5806,19048,1960,1062,1072,35843,25500
"Hartford-East Hartford-Middletown, CT Metro Area",1205842,9403,8616,26284,39712,38807,63124,79812,20207,17118,31681,382930,25540
"Hastings, NE Micro Area",31541,305,364,522,902,912,1503,2330,230,114,164,9636,25580
"Hattiesburg, MS Metro Area",168646,1290,1769,3765,6001,5309,8502,11161,2770,1017,1189,42190,25620
"Hays, KS Micro Area",28747,291,492,1011,1110,1129,1235,3513,562,219,92,9560,25700
"Heber, UT Micro Area",74733,485,668,1247,2151,2220,5157,3507,878,740,1977,22877,25720
"Helena, MT Micro Area",80783,560,469,1240,2329,2382,3636,3407,908,1066,1674,27468,25740
"Helena-West Helena, AR Micro Area",18151,14,161,384,528,406,1131,529,130,15,15,3601,25760
"Henderson, NC Micro Area",44614,196,549,642,1407,1104,2493,1199,422,121,322,10494,25780
"Hereford, TX Micro Area",18617,126,290,256,668,597,1217,558,105,37,3,3551,25820
"Hermiston-Pendleton, OR Micro Area",88744,925,532,1736,3657,3103,5677,3450,544,106,593,22545,25840
"Hickory-Lenoir-Morganton, NC Metro Area",367982,2705,2210,6456,11542,10247,18438,14291,2291,1588,2608,100684,25860
"Hillsdale, MI Micro Area",45707,395,306,787,1291,1248,2133,2391,285,206,430,12530,25880
"Hilo, HI Micro Area",201350,794,755,3752,5886,6047,8966,7976,2057,1597,1900,54956,25900
"Hilton Head Island-Bluffton, SC Metro Area",219290,1863,1604,4414,6738,5904,9328,7847,1592,2083,3736,68252,25940
"Hinesville, GA Metro Area",81275,937,1031,2420,5213,3170,3951,4114,1037,380,224,23095,25980
"Hobbs, NM Micro Area",70359,321,729,1454,2645,2761,4237,2759,384,100,405,14488,26020
"Holland, MI Micro Area",117104,675,545,2278,3507,3472,6483,3455,723,564,1283,33671,26090
"Homosassa Springs, FL Metro Area",147938,499,611,1892,3425,2979,5508,3424,916,803,1809,51109,26140
"Hood River, OR Micro Area",23270,88,301,345,690,740,1578,721,131,137,489,7018,26220
"Hope, AR Micro Area",29944,325,122,571,553,759,1564,768,210,64,35,5666,26260
"Hot Springs, AR Metro Area",99043,791,592,1264,2843,2600,4074,3647,656,596,926,27963,26300
"Houghton, MI Micro Area",37992,1186,678,1689,1186,978,1772,5688,963,445,1253,11430,26340
"Houma-Thibodaux, LA Metro Area",209277,1124,1164,3913,7579,7481,11144,6947,1416,694,1285,52266,26380
"Houston-The Woodlands-Sugar Land, TX Metro Area",6979613,45264,46422,138819,262161,264230,417117,363383,89627,71509,206777,1907329,26420
"Hudson, NY Micro Area",60016,162,324,1064,1834,1550,2715,1405,457,550,803,19846,26460
"Huntingdon, PA Micro Area",45145,327,382,879,1668,1507,2029,1967,240,194,224,11998,26500
"Huntington, IN Micro Area",36351,321,182,752,1122,1104,1885,1955,267,191,217,10458,26540
"Huntington-Ashland, WV-KY-OH Metro Area",359481,2434,2496,6793,11381,9891,17557,17224,3667,1251,2393,96614,26580
"Huntsville, AL Metro Area",464607,3241,2952,9056,17052,15909,24199,29350,7643,9917,22057,149935,26620
"Huntsville, TX Micro Area",72295,1006,1224,3199,3057,3564,2113,10758,921,504,339,16291,26660
"Huron, SD Micro Area",20347,86,53,268,710,747,910,405,120,122,211,5754,26700
"Hutchinson, KS Micro Area",62421,669,396,951,2078,1792,3293,2516,381,346,245,18610,26740
"Hutchinson, MN Micro Area",35788,199,206,604,1097,1156,2171,1166,157,276,378,11608,26780
"Idaho Falls, ID Metro Area",148811,1019,947,2651,4856,5159,9501,5970,1246,984,3403,41534,26820
"Indiana, PA Micro Area",84463,1008,1323,2308,2525,2505,3296,8574,1145,515,665,23307,26860
"Indianapolis-Carmel-Anderson, IN Metro Area",2050933,12601,13112,39384,73680,71497,114779,84485,25016,21779,34621,621224,26900
"Indianola, MS Micro Area",25759,151,147,775,1511,1189,1280,1052,123,61,84,4516,26940
"Iowa City, IA Metro Area",172919,2482,2248,7259,7372,6012,7077,24690,7547,2465,3389,59916,26980
"Iron Mountain, MI-WI Micro Area",29685,211,93,442,788,784,1293,857,259,163,591,9672,27020
"Ithaca, NY Metro Area",102237,2390,2385,4739,3511,2975,3419,21292,6352,1814,2923,35160,27060
"Jackson, MI Metro Area",158174,1187,1288,2892,5762,4920,8130,7394,893,682,1852,45507,27100
"Jackson, MS Metro Area",596287,4592,3549,11667,20873,19649,31115,32359,9013,3906,5313,152403,27140
"Jackson, OH Micro Area",32440,214,88,633,1117,1033,1673,767,243,120,209,8109,27160
"Jackson, TN Metro Area",178601,1364,1125,3275,5591,4881,9197,9217,1082,737,807,46478,27180
"Jackson, WY-ID Micro Area",35132,57,155,697,1594,1619,1283,1489,710,274,714,12691,27220
"Jacksonville, FL Metro Area",1533796,8935,9662,28949,56998,54160,76360,77637,17110,18292,21401,465587,27260
"Jacksonville, IL Micro Area",38994,420,373,740,1227,1252,1699,2165,223,122,87,9952,27300
"Jacksonville, NC Metro Area",198377,5717,6097,13638,11925,8318,7551,13336,2617,873,1338,54830,27340
"Jacksonville, TX Micro Area",52341,223,359,1312,1678,1664,2853,2240,241,139,229,12010,27380
"Jamestown, ND Micro Area",20879,185,149,547,686,728,941,1206,204,74,223,6627,27420
"Jamestown-Dunkirk-Fredonia, NY Micro Area",127584,831,1250,2113,4017,3759,6088,6694,865,774,832,38693,27460
"Janesville-Beloit, WI Metro Area",162532,1165,1020,2903,4978,4992,9106,7415,1181,678,1636,49828,27500
"Jasper, AL Micro Area",63802,439,457,1012,2018,1762,3072,1906,189,139,343,15627,27530
"Jasper, IN Micro Area",54898,272,201,1080,1571,1570,3056,1560,280,222,619,15392,27540
"Jayuya, PR Micro Area",14239,147,226,179,541,433,823,1048,74,68,83,1940,27580
"Jefferson, GA Micro Area",70467,260,400,1002,2187,2460,4051,2990,449,434,777,19305,27600
"Jefferson City, MO Metro Area",151094,1050,883,2868,5474,5425,7832,6698,1072,1463,1221,42772,27620
"Jennings, LA Micro Area",31425,212,68,754,1039,920,1758,1333,184,94,109,6267,27660
"Jesup, GA Micro Area",29959,149,86,645,1107,906,1699,932,128,81,137,6462,27700
"Johnson City, TN Metro Area",203147,1677,1704,3983,6936,5837,8261,11809,3311,1644,1912,60937,27740
"Johnstown, PA Metro Area",131611,1088,795,2375,3810,3438,6047,6519,1141,606,940,38839,27780
"Jonesboro, AR Metro Area",132828,1064,802,3046,5254,4479,6862,7906,2034,736,709,35314,27860
"Joplin, MO Metro Area",178816,1144,978,3852,6106,5777,9223,7630,1091,769,1092,47404,27900
"Juneau, AK Micro Area",32099,114,218,817,1263,1348,1518,1264,527,514,678,10656,27940
"Kahului-Wailuku-Lahaina, HI Metro Area",166657,877,626,2563,4814,5371,7256,4796,1391,1251,1859,44556,27980
"Kalamazoo-Portage, MI Metro Area",264322,3900,3073,8684,9940,8330,12337,26656,5364,2351,5223,84399,28020
"Kalispell, MT Micro Area",102001,459,470,1632,2892,3143,4479,2737,563,749,1256,31951,28060
"Kankakee, IL Metro Area",109924,980,843,2290,3737,3150,5914,6987,809,453,683,29411,28100
"Kansas City, MO-KS Metro Area",2144129,11766,11336,40304,76917,75660,113470,81759,30922,26406,35946,673265,28140
"Kapaa, HI Micro Area",71949,421,391,933,2224,2212,2970,2246,406,384,1243,17857,28180
"Kearney, NE Micro Area",56182,726,700,1373,1803,1841,3184,5217,581,357,340,16419,28260
"Keene, NH Micro Area",76040,645,792,1290,2282,2378,2994,6917,901,660,826,24592,28300
"Kendallville, IN Micro Area",47640,276,325,895,1504,1437,2878,1344,73,155,303,12667,28340
"Kennett, MO Micro Area",29657,203,98,476,805,763,1768,706,104,47,11,7279,28380
"Kennewick-Richland, WA Metro Area",294396,1921,1719,5954,10517,11044,18351,11602,2548,2151,5673,81560,28420
"Kerrville, TX Micro Area",52195,256,149,1073,1436,1290,2307,1338,189,464,851,16678,28500
"Ketchikan, AK Micro Area",13833,129,96,280,521,464,677,416,87,60,181,4263,28540
"Key West, FL Micro Area",75137,507,446,984,2380,2374,2687,2138,474,656,1468,26899,28580
"Kill Devil Hills, NC Micro Area",36698,143,170,517,923,882,1551,1165,386,268,664,13486,28620
"Killeen-Temple, TX Metro Area",452428,5921,4493,12660,20309,17939,24923,28912,5647,3453,2134,125414,28660
"Kingsport-Bristol, TN-VA Metro Area",307267,1909,1704,5025,9262,8270,14678,10171,1857,2007,3676,88169,28700
"Kingston, NY Metro Area",178371,963,1212,3785,6009,5628,7542,10476,2097,1597,1802,56439,28740
"Kingsville, TX Micro Area",31116,616,381,1348,1314,1011,1304,4007,912,212,397,7535,28780
"Kinston, NC Micro Area",56350,315,307,925,1807,1515,3143,2369,538,82,203,14724,28820
"Kirksville, MO Micro Area",30018,711,461,1213,907,752,1300,5205,634,198,22,7795,28860
"Klamath Falls, OR Micro Area",67606,432,666,978,2214,2101,2997,3256,451,234,582,20606,28900
"Knoxville, TN Metro Area",861872,7546,6454,17879,28642,26165,40940,46371,10858,7208,16775,258703,28940
"Kokomo, IN Metro Area",82486,473,405,1680,2592,2331,4374,2949,286,326,1504,25411,29020
"Laconia, NH Micro Area",61174,301,390,894,1829,1527,3192,1840,756,608,1074,21002,29060
"La Crosse-Onalaska, WI-MN Metro Area",136838,1706,1787,3440,4642,4197,6264,13678,2038,1445,1635,45090,29100
"Lafayette, LA Metro Area",490220,3090,3365,8711,18437,17531,26513,21719,3816,2379,4446,127042,29180
"Lafayette-West Lafayette, IN Metro Area",230353,4881,5687,9381,9245,7197,10057,35275,9768,2552,6238,65854,29200
"La Grande, OR Micro Area",26502,233,188,621,675,810,1367,1356,157,165,162,8217,29260
"LaGrange, GA-AL Micro Area",103522,608,725,2184,3642,3144,4875,3860,670,505,1024,25132,29300
"Lake Charles, LA Metro Area",209821,1192,1796,3702,8033,6947,10538,9119,1555,673,2116,57257,29340
"Lake City, FL Micro Area",70898,637,611,1598,2365,2183,3553,1975,437,197,495,18084,29380
"Lake Havasu City-Kingman, AZ Metro Area",210998,1001,1023,2860,5948,5423,7632,5294,1398,944,1152,67441,29420
"Lakeland-Winter Haven, FL Metro Area",705735,5490,3256,12395,23851,22480,36294,30751,5419,4688,6373,176560,29460
"Lamesa, TX Micro Area",12849,66,142,547,713,614,927,454,42,39,57,2198,29500
"Lancaster, PA Metro Area",543050,3386,3464,10098,18417,17284,25525,21655,5618,3488,5804,158500,29540
"Lansing-East Lansing, MI Metro Area",547786,7189,6347,13985,20059,16908,26601,55311,10757,6717,8599,170709,29620
"Laramie, WY Micro Area",38664,856,878,2611,2263,1415,1160,8906,2643,480,1350,14507,29660
"Laredo, TX Metro Area",274847,2328,2520,6142,10139,8902,20222,15470,2127,839,2225,47208,29700
"Las Cruces, NM Metro Area",217696,1695,3243,6745,8040,6695,12249,20580,3360,1802,3555,56377,29740
"Las Vegas, NM Micro Area",32046,250,248,551,945,829,1385,2536,392,285,209,7941,29780
"Las Vegas-Henderson-Paradise, NV Metro Area",2228866,14434,14067,40133,84766,83100,116811,96025,23247,15675,26341,643332,29820
"Laurel, MS Micro Area",84761,386,392,1793,2531,2227,4622,3077,764,320,441,17408,29860
"Laurinburg, NC Micro Area",34921,208,215,692,1266,1039,1701,1463,156,78,132,7250,29900
"Lawrence, KS Metro Area",121304,2788,2591,5327,5337,4104,4581,20669,4781,1398,2558,42110,29940
"Lawrenceburg, TN Micro Area",43780,207,273,693,1370,1217,2159,1436,175,142,314,10157,29980
"Lawton, OK Metro Area",127157,1358,1068,4173,6003,5265,6766,6483,1217,940,587,33188,30020
"Lebanon, MO Micro Area",35680,137,150,718,1083,997,1982,639,234,163,127,9421,30060
"Lebanon, NH-VT Micro Area",217568,2051,1368,3772,6560,6314,8721,10782,3189,2267,3999,73193,30100
"Lebanon, PA Metro Area",140410,1101,928,2218,4161,4148,7180,4991,1067,890,857,39184,30140
"Levelland, TX Micro Area",22986,269,45,521,868,739,1425,1430,154,74,63,4973,30220
"Lewisburg, PA Micro Area",44831,648,577,877,1538,1765,1567,4687,244,279,499,10787,30260
"Lewisburg, TN Micro Area",33708,81,223,585,1034,1132,1765,805,147,151,192,8694,30280
"Lewiston, ID-WA Metro Area",63104,280,361,1281,1887,1862,2896,2586,278,272,674,20282,30300
"Lewiston-Auburn, ME Metro Area",107958,723,649,1931,3307,3348,5004,5847,841,498,828,35723,30340
"Lewistown, PA Micro Area",46179,243,235,809,1373,1303,1911,952,270,99,195,12364,30380
"Lexington, NE Micro Area",25639,44,101,501,815,940,1446,812,189,56,53,6760,30420
"Lexington-Fayette, KY Metro Area",514273,4935,3628,13850,19434,17469,23462,37665,11566,4698,10984,160527,30460
"Liberal, KS Micro Area",21902,330,206,339,1049,767,1418,989,110,40,65,4404,30580
"Lima, OH Metro Area",102808,1041,787,1951,3793,3011,5689,5549,627,517,607,29692,30620
"Lincoln, IL Micro Area",28818,464,179,602,920,864,1469,1673,151,113,149,8034,30660
"Lincoln, NE Metro Area",333193,4200,3862,10622,12946,11426,16090,33222,6867,2940,4571,112127,30700
"Little Rock-North Little Rock-Conway, AR Metro Area",740602,5386,4642,15309,26584,24637,37582,35792,10952,6975,7437,213159,30780
"Lock Haven, PA Micro Area",38549,472,416,976,1382,1036,1546,2577,231,163,258,10993,30820
"Logan, UT-ID Metro Area",140072,1499,1776,6154,5933,4083,9821,17662,2094,1209,2041,39302,30860
"Logansport, IN Micro Area",37727,354,160,588,1128,973,2328,1353,127,28,114,9882,30900
"London, KY Micro Area",148281,1119,1218,2615,5020,4595,7231,5998,1339,355,287,33762,30940
"Longview, TX Metro Area",285554,2286,1770,5378,9619,9166,15299,11321,1484,1351,2468,69200,30980
"Longview, WA Metro Area",108399,485,824,1636,3398,3268,5445,4540,666,489,1109,32974,31020
"Los Alamos, NM Micro Area",18976,124,11,209,559,791,1179,704,417,1005,2046,7149,31060
"Los Angeles-Long Beach-Anaheim, CA Metro Area",13211027,91543,91555,273676,553153,513462,691882,927491,200791,155866,294094,3619736,31080
"Louisville/Jefferson County, KY-IN Metro Area",1262287,7821,7564,23227,45037,42310,65213,52167,15283,11629,16520,373878,31140
"Lubbock, TX Metro Area",320031,4058,5162,10586,12825,10910,16467,37781,7298,1605,3489,90694,31180
"Ludington, MI Micro Area",29062,103,193,478,772,734,1309,806,159,169,315,8720,31220
"Lufkin, TX Micro Area",87119,713,419,1568,2904,2663,4825,3498,557,216,875,22288,31260
"Lumberton, NC Micro Area",131656,1266,992,2369,4449,3729,7644,6813,970,417,256,25051,31300
"Lynchburg, VA Metro Area",262937,3002,2656,6105,8891,7512,11417,21164,5024,1620,3197,74524,31340
"Macomb, IL Micro Area",30107,513,811,977,1059,849,1199,5565,693,272,88,8680,31380
"Macon-Bibb County, GA Metro Area",229565,1677,1585,4221,7661,6633,12049,12417,2793,2050,1739,60918,31420
"Madera, CA Metro Area",155925,1241,1182,2706,5303,4840,11322,8266,991,327,632,32176,31460
"Madison, IN Micro Area",32167,247,280,549,867,976,1554,1860,273,102,379,8601,31500
"Madison, WI Metro Area",660212,6469,6759,18365,26884,24335,30090,51121,17104,11999,14791,235566,31540
"Madisonville, KY Micro Area",45044,278,218,716,1447,1345,2303,1349,694,142,198,12447,31580
"Magnolia, AR Micro Area",23620,505,290,826,670,576,1059,2632,185,52,94,4456,31620
"Malone, NY Micro Area",50389,331,611,1277,2436,1995,2362,2009,142,289,242,13247,31660
"Malvern, AR Micro Area",33667,226,142,646,1341,1209,1610,948,144,131,101,6921,31680
"Manchester-Nashua, NH Metro Area",415305,2378,2072,9232,15092,14287,20723,18788,5864,7946,12217,137725,31700
"Manhattan, KS Metro Area",131571,2971,3977,7033,7119,5117,5318,20283,3865,1123,1646,41456,31740
"Manitowoc, WI Micro Area",78977,416,468,1254,2118,2154,4054,2652,492,462,835,26105,31820
"Mankato, MN Metro Area",101544,1997,1921,2847,4094,3321,4178,13674,1193,830,432,32844,31860
"Mansfield, OH Metro Area",121043,612,1233,2483,4483,3856,5992,3950,786,452,1046,34862,31900
"Marietta, OH Micro Area",60217,530,528,884,1844,1662,3029,2710,433,340,604,17519,31930
"Marinette, WI-MI Micro Area",63214,174,273,1125,1598,1564,3151,1641,253,315,708,20511,31940
"Marion, IN Micro Area",66055,627,627,1323,1985,1498,2915,6125,529,282,282,18366,31980
"Marion, NC Micro Area",45402,195,220,741,1567,1388,2039,1281,263,128,391,12325,32000
"Marion, OH Micro Area",65179,448,378,1358,2568,2495,3869,2360,433,135,305,17822,32020
"Marquette, MI Micro Area",66403,777,884,2016,2251,1989,2701,6637,1081,538,711,21379,32100
"Marshall, MN Micro Area",25696,263,209,406,757,812,1565,1915,188,216,137,8022,32140
"Marshall, MO Micro Area",22932,359,240,304,627,821,1171,1587,185,88,104,5617,32180
"Marshalltown, IA Micro Area",39804,184,315,888,1174,1236,2156,1202,246,232,461,10883,32260
"Martin, TN Micro Area",33377,422,479,982,1068,751,1428,3651,365,105,106,8635,32280
"Martinsville, VA Micro Area",63678,285,362,931,1632,1319,3705,2088,388,226,351,16299,32300
"Maryville, MO Micro Area",22199,636,657,543,789,558,869,4983,401,127,124,6526,32340
"Mason City, IA Micro Area",50094,326,193,839,1507,1515,2231,1897,220,123,296,16079,32380
"Mayagüez, PR Metro Area",97198,1040,1216,2840,2932,2560,4523,11202,1673,662,1114,17434,32420
"Mayfield, KY Micro Area",37125,162,269,688,1061,1071,2132,1038,207,155,254,9989,32460
"McAlester, OK Micro Area",43955,202,203,836,1745,1636,2051,1413,208,66,240,11219,32540
"McAllen-Edinburg-Mission, TX Metro Area",861137,6176,8062,18858,31372,27109,64026,46582,6443,3528,6443,143737,32580
"McComb, MS Micro Area",39365,430,125,731,1222,970,2492,1556,314,105,91,8116,32620
"McMinnville, TN Micro Area",40971,438,280,653,1234,1162,2241,1334,153,85,232,9906,32660
"McPherson, KS Micro Area",28557,178,248,633,940,813,1444,1487,233,132,240,9552,32700
"Meadville, PA Micro Area",85074,549,597,1467,2339,2217,3931,3322,457,305,682,24874,32740
"Medford, OR Metro Area",218781,1430,1249,3370,7084,6734,9159,8768,1707,1257,1907,72707,32780
"Memphis, TN-MS-AR Metro Area",1343150,9113,8325,25737,49187,43203,74661,60265,18100,9957,15001,349551,32820
"Menomonie, WI Micro Area",45029,848,719,1474,1340,1251,1961,7168,397,378,638,13471,32860
"Merced, CA Metro Area",273661,2364,1944,6292,10975,10054,18784,20505,2116,673,1098,56004,32900
"Meridian, MS Micro Area",100998,700,854,2231,3229,3062,5528,4463,1364,423,587,23761,32940
"Mexico, MO Micro Area",25336,127,160,338,637,652,1413,702,62,44,143,6423,33020
"Miami, OK Micro Area",31283,231,187,610,959,825,1614,1388,140,85,107,7263,33060
"Miami-Fort Lauderdale-Pompano Beach, FL Metro Area",6129858,34555,37086,109035,208306,208907,299788,338162,91525,53982,130646,1732087,33100
"Michigan City-La Porte, IN Metro Area",110026,597,590,2725,4331,3942,5562,2937,447,483,850,32202,33140
"Middlesborough, KY Micro Area",26426,138,250,419,860,739,1213,666,173,44,19,5343,33180
"Midland, MI Metro Area",83445,556,590,1395,2635,2664,4219,3846,786,746,2808,26966,33220
"Midland, TX Metro Area",176914,1062,969,3728,8113,7743,9974,7461,1906,582,3502,45324,33260
"Milledgeville, GA Micro Area",53572,375,697,2232,2147,1715,2323,6279,282,295,158,13400,33300
"Milwaukee-Waukesha, WI Metro Area",1576525,10334,9667,29851,55739,53568,83371,77895,20437,16046,30439,491726,33340
"Minden, LA Micro Area",38813,162,257,702,1246,1180,1821,1498,205,165,108,7737,33380
"Mineral Wells, TX Micro Area",28792,193,97,552,791,918,1449,855,113,117,246,7561,33420
"Minneapolis-St. Paul-Bloomington, MN-WI Metro Area",3605450,20705,20811,68225,131917,135412,195125,176476,53145,55566,80187,1182322,33460
"Minot, ND Micro Area",77174,1141,715,2703,4427,3288,3520,4231,1094,301,444,25258,33500
"Missoula, MT Metro Area",119062,1099,1050,3921,5219,4479,4996,10515,2513,961,1352,41912,33540
"Mitchell, SD Micro Area",23313,157,271,346,810,731,1136,1157,148,118,77,7143,33580
"Moberly, MO Micro Area",24769,312,185,524,991,930,1229,974,124,20,42,6193,33620
"Mobile, AL Metro Area",430313,3449,2394,8122,15257,13372,23031,19161,3552,2401,5212,107986,33660
"Modesto, CA Metro Area",546235,4247,4069,10618,20726,19560,34450,32317,3887,2232,3182,129022,33700
"Monroe, LA Metro Area",202138,1075,1481,3810,7135,6216,10721,9930,1449,1136,1345,46694,33740
"Monroe, MI Metro Area",150000,960,778,2670,4700,4249,7833,6570,1273,692,2356,46156,33780
"Montgomery, AL Metro Area",373552,2553,1926,8022,13124,12049,19149,18307,5230,5052,4150,101803,33860
"Montrose, CO Micro Area",47170,195,302,777,1148,1354,2247,1167,213,367,685,15400,33940
"Morehead City, NC Micro Area",69301,219,622,885,1720,1722,3010,2525,637,494,1349,24312,33980
"Morgan City, LA Micro Area",50020,392,230,865,1759,1416,2682,1130,350,131,290,10682,34020
"Morgantown, WV Metro Area",139806,2611,2678,4400,6439,5639,4986,17951,4791,1256,2818,41822,34060
"Morristown, TN Metro Area",141909,1071,663,2444,4354,3741,7449,5383,680,532,1021,34762,34100
"Moscow, ID Micro Area",40052,755,936,1981,1914,1202,1604,7751,1875,373,545,13867,34140
"Moses Lake, WA Micro Area",96648,702,835,1984,3629,3187,5883,3266,412,270,738,23263,34180
"Moultrie, GA Micro Area",45510,189,362,931,1505,1444,2724,1699,278,73,60,8939,34220
"Maysville, KY Micro Area",17122,208,149,274,510,549,701,713,169,132,143,4388,32500
"Mountain Home, AR Micro Area",41673,220,161,461,995,969,1723,1289,227,291,217,14165,34260
"Mountain Home, ID Micro Area",27043,230,350,972,1329,1140,1237,1402,231,184,200,8620,34300
"Mount Airy, NC Micro Area",71904,411,320,1363,2246,1766,3620,2492,557,413,467,19197,34340
"Mount Gay-Shamrock, WV Micro Area",32593,94,170,655,1064,885,1577,616,143,166,19,9375,34350
"Mount Pleasant, MI Micro Area",70363,1450,1852,2831,2752,1939,2474,15153,2017,680,382,19376,34380
"Mount Pleasant, TX Micro Area",45647,404,392,664,1390,1276,3023,1776,177,166,211,9232,34420
"Mount Sterling, KY Micro Area",46926,229,220,1065,1554,1302,2391,1268,232,86,252,10997,34460
"Mount Vernon, IL Micro Area",37774,204,214,808,1358,1276,1728,1188,275,112,260,10010,34500
"Mount Vernon, OH Micro Area",61776,628,247,1433,1720,1625,2848,4874,423,373,552,17450,34540
"Mount Vernon-Anacortes, WA Metro Area",127442,635,536,2434,4242,3975,6035,4452,896,789,1937,40956,34580
"Muncie, IN Metro Area",114461,1811,1942,3921,3642,2957,4862,16092,1783,1076,482,34702,34620
"Murray, KY Micro Area",38991,433,307,1519,1218,1122,1415,6196,697,388,349,12305,34660
"Muscatine, IA Micro Area",42703,319,131,1058,1144,1349,2421,1346,304,94,604,11977,34700
"Muskegon, MI Metro Area",173679,908,1193,3286,6098,5587,9259,6158,728,1142,1508,46007,34740
"Muskogee, OK Micro Area",68451,498,506,1314,2244,2084,3399,3054,659,325,300,16760,34780
"Myrtle Beach-Conway-North Myrtle Beach, SC-NC Metro Area",481489,2756,2656,5931,13215,12367,19737,19270,2741,3227,4727,152427,34820
"Nacogdoches, TX Micro Area",65080,764,990,2255,2075,1675,3461,9981,659,232,222,16873,34860
"Napa, CA Metro Area",138572,1059,807,2506,4332,4319,7367,8192,1410,1000,2074,41646,34900
"Naples-Marco Island, FL Metro Area",379345,1804,1624,5982,9472,9585,15546,13466,2825,3486,8865,121387,34940
"Nashville-Davidson--Murfreesboro--Franklin, TN Metro Area",1904186,12048,12116,38540,74191,70424,99004,88873,28460,21695,28217,587311,34980
"Natchez, MS-LA Micro Area",50636,275,448,1117,1655,1895,2754,1717,225,150,153,10674,35020
"Natchitoches, LA Micro Area",38505,806,566,854,1168,1019,1882,4704,168,147,58,8152,35060
"New Bern, NC Metro Area",124416,1587,1349,3775,4835,3513,5278,5781,917,676,1647,36914,35100
"Newberry, SC Micro Area",38329,279,650,348,1238,993,2085,2016,356,139,345,9304,35140
"New Castle, IN Micro Area",48158,284,291,1093,1871,1562,2629,1322,116,187,292,13046,35220
"New Castle, PA Micro Area",86148,495,678,1410,2510,2309,4055,3200,484,640,581,26452,35260
"New Haven-Milford, CT Metro Area",855733,6232,6281,17180,29378,27601,45412,52911,16602,9313,14608,259037,35300
"New Orleans-Metairie, LA Metro Area",1271651,8181,6940,21543,44806,45627,62621,60744,17346,8850,18098,353520,35380
"New Philadelphia-Dover, OH Micro Area",92165,428,529,1864,2652,2737,4699,2057,682,326,741,25441,35420
"Newport, OR Micro Area",49336,122,155,806,1106,1146,1919,1114,623,226,635,17609,35440
"Newport, TN Micro Area",35797,156,132,599,1007,836,1746,774,17,92,154,7547,35460
"New Ulm, MN Micro Area",25076,169,173,508,615,784,1275,1415,109,93,122,8143,35580
"New York-Newark-Jersey City, NY-NJ-PA Metro Area",19261570,114715,115942,368438,720333,696632,956470,1029566,320128,314788,386402,5691572,35620
"Niles, MI Metro Area",153797,1006,753,2895,4735,4311,7831,5725,1940,981,2511,45866,35660
"Nogales, AZ Micro Area",46594,228,128,1131,1352,1270,3252,1641,280,97,763,10707,35700
"Norfolk, NE Micro Area",48101,252,434,839,1520,1513,2464,2121,481,144,282,14539,35740
"North Platte, NE Micro Area",36358,121,176,548,1089,1085,1931,1246,267,83,137,10785,35820
"North Port-Sarasota-Bradenton, FL Metro Area",821613,3886,3518,10889,19941,18661,32076,26692,5280,7303,14868,279362,35840
"North Vernon, IN Micro Area",27639,266,315,278,932,738,1514,1157,198,56,139,7658,35860
"North Wilkesboro, NC Micro Area",68341,561,464,904,1972,1872,3352,2195,285,471,234,20255,35900
"Norwalk, OH Micro Area",58271,376,212,1103,1824,1913,3126,1708,258,231,367,17198,35940
"Norwich-New London, CT Metro Area",266868,2078,2015,7347,9890,8711,14182,12828,3083,2656,7595,88380,35980
"Oak Harbor, WA Micro Area",84187,364,785,2263,3482,2808,2790,3135,697,581,1721,31410,36020
"Ocala, FL Metro Area",360210,1628,2207,5226,10139,9105,15823,11435,2323,1723,3459,110949,36100
"Ocean City, NJ Metro Area",92701,655,550,1555,2698,2007,3677,2867,772,776,1099,33438,36140
"Odessa, TX Metro Area",162067,1022,1185,3892,7510,7028,9601,6752,1217,414,1277,34887,36220
"Ogden-Clearfield, UT Metro Area",672948,5013,4996,13508,24693,23759,44627,36403,6738,6815,10519,187264,36260
"Ogdensburg-Massena, NY Micro Area",108352,1226,1120,2410,3586,3427,4394,10909,1198,764,1151,30451,36300
"Oil City, PA Micro Area",51355,246,296,850,1375,1318,2233,1006,183,224,417,15705,36340
"Okeechobee, FL Micro Area",41611,246,326,529,1528,1421,2057,1220,180,170,132,9688,36380
"Olean, NY Micro Area",76750,631,478,1352,2080,2125,4125,3239,373,353,490,21541,36460
"Olympia-Lacey-Tumwater, WA Metro Area",284698,1470,1981,5028,10689,10268,13559,14380,3059,3513,4261,96384,36500
"Omaha-Council Bluffs, NE-IA Metro Area",940163,5800,6103,18065,34010,34329,52797,46257,17006,12211,11042,295661,36540
"Oneonta, NY Micro Area",59593,754,735,1573,1479,1606,2457,6552,501,482,339,18195,36580
"Ontario, OR-ID Micro Area",54337,304,530,1123,1999,2041,3271,1584,189,62,377,13388,36620
"Opelousas, LA Micro Area",82786,540,573,1327,2662,2451,4782,2215,233,108,277,16688,36660
"Orangeburg, SC Micro Area",86953,911,462,1518,2632,2170,4811,5603,1125,348,321,20363,36700
"Orlando-Kissimmee-Sanford, FL Metro Area",2560260,17098,16341,52962,102022,95314,129633,162104,36637,27444,52390,750107,36740
"Oshkosh-Neenah, WI Metro Area",170924,1216,1650,4740,6279,5862,8177,12812,1501,1173,2504,56187,36780
"Oskaloosa, IA Micro Area",22351,311,83,314,737,653,1166,927,246,79,122,6256,36820
"Othello, WA Micro Area",19702,236,75,450,652,732,1314,368,50,9,60,3407,36830
"Ottawa, IL Micro Area",147596,911,841,2695,4742,4449,7792,4796,889,569,1144,45019,36837
"Ottawa, KS Micro Area",25643,190,137,428,760,760,1402,1014,223,102,118,6892,36840
"Ottumwa, IA Micro Area",35102,247,300,632,1181,1072,1691,1791,328,137,214,9939,36900
"Owatonna, MN Micro Area",36710,193,272,641,962,1327,2027,1120,259,267,147,11603,36940
"Owensboro, KY Metro Area",118951,861,537,2210,3632,3401,6246,4125,962,697,975,32928,36980
"Oxford, MS Micro Area",54059,1840,1085,1582,1667,1713,1957,11033,1236,583,506,14978,37060
"Oxnard-Thousand Oaks-Ventura, CA Metro Area",845599,6257,6045,16468,30502,28225,48573,53472,8398,9243,17729,227003,37100
"Ozark, AL Micro Area",49293,272,272,1251,1974,1577,2427,1798,231,265,345,12685,37120
"Paducah, KY-IL Micro Area",96612,850,378,1428,2646,2636,4611,3092,516,436,1020,29068,37140
"Pahrump, NV Micro Area",45514,270,253,533,1199,1119,1569,774,146,245,349,13861,37220
"Palatka, FL Micro Area",73784,334,433,1348,2320,1886,3747,2035,480,248,485,18825,37260
"Palestine, TX Micro Area",57917,418,414,1398,3152,3361,3245,2836,285,92,173,10858,37300
"Palm Bay-Melbourne-Titusville, FL Metro Area",594001,3588,2858,9884,18007,16479,27027,27539,6472,8229,21446,197936,37340
"Pampa, TX Micro Area",22847,175,167,469,773,939,1178,485,157,106,142,5354,37420
"Panama City, FL Metro Area",180076,1163,1276,3281,6629,6350,8478,7964,1728,1525,3217,57284,37460
"Paragould, AR Micro Area",45197,311,339,812,1564,1379,2298,1700,361,128,189,11823,37500
"Paris, TN Micro Area",32251,158,198,451,909,752,1441,865,143,67,98,8409,37540
"Paris, TX Micro Area",49705,407,202,672,1821,1329,2785,1681,235,221,322,12393,37580
"Parkersburg-Vienna, WV Metro Area",90151,652,292,1395,2692,2384,4367,2894,655,447,885,26575,37620
"Parsons, KS Micro Area",19938,147,186,273,611,617,1004,595,57,33,89,5666,37660
"Payson, AZ Micro Area",53846,217,120,924,1371,1319,2090,1403,232,205,699,15064,37740
"Pearsall, TX Micro Area",20013,175,539,669,1597,1237,1636,797,65,55,17,2251,37770
"Pecos, TX Micro Area",15663,155,85,393,739,1025,734,551,90,57,11,2379,37780
"Pella, IA Micro Area",33193,279,440,478,937,880,1622,1901,190,205,642,9996,37800
"Pensacola-Ferry Pass-Brent, FL Metro Area",496278,3691,3747,12008,19777,17067,22788,27443,5080,4741,6419,152004,37860
"Peoria, IL Metro Area",403747,2666,2245,6897,13008,12635,20493,18183,3512,3299,8078,119676,37900
"Peru, IN Micro Area",35684,262,244,793,1338,1416,2157,1698,93,121,109,9228,37940
"Philadelphia-Camden-Wilmington, PA-NJ-DE-MD Metro Area",6092403,38211,37200,119087,221602,212206,308604,314324,106074,81611,121417,1856452,37980
"Phoenix-Mesa-Chandler, AZ Metro Area",4860338,33515,32766,98060,186970,175494,263942,247156,59235,53339,92183,1450732,38060
"Oklahoma City, OK Metro Area",1397040,10079,11356,30362,52753,51436,71923,79853,19972,11506,16784,399206,36420
"Picayune, MS Micro Area",55512,511,373,817,1887,1392,2565,2750,254,130,293,15365,38100
"Pierre, SD Micro Area",20618,27,23,233,658,606,925,128,57,177,308,7052,38180
"Pine Bluff, AR Metro Area",89464,609,801,2066,3621,3251,5027,4468,746,388,227,18645,38220
"Pinehurst-Southern Pines, NC Micro Area",99263,473,502,1096,2580,3057,4740,3889,1180,865,1842,32346,38240
"Pittsburg, KS Micro Area",38874,645,568,1639,1186,1092,1767,4793,505,127,126,11564,38260
"Pittsburgh, PA Metro Area",2324447,12398,13510,42675,80459,78646,102977,106185,34667,33545,51305,779455,38300
"Pittsfield, MA Metro Area",125927,1018,884,2271,3416,3370,5423,7432,978,1305,1875,43423,38340
"Plainview, TX Micro Area",33463,329,312,848,1353,1265,2138,1681,109,68,165,6148,38380
"Platteville, WI Micro Area",51570,940,998,1504,1655,1412,2437,6651,333,417,503,14967,38420
"Plattsburgh, NY Micro Area",80320,752,544,2560,3089,2878,3618,5755,580,591,444,25004,38460
"Plymouth, IN Micro Area",46336,315,93,917,1511,1213,2480,1817,279,119,315,11958,38500
"Pocatello, ID Metro Area",94377,534,998,1715,3598,3250,5398,6353,1453,445,1101,27666,38540
"Point Pleasant, WV-OH Micro Area",56695,352,312,944,1691,1510,2858,1737,323,184,318,14269,38580
"Ponca City, OK Micro Area",44074,377,316,791,1356,1348,2243,1578,129,253,384,11759,38620
"Ponce, PR Metro Area",220601,1763,1696,4740,7825,6190,11293,14422,2494,927,1666,36583,38660
"Pontiac, IL Micro Area",35757,175,268,610,1218,1213,2059,783,166,150,126,10554,38700
"Poplar Bluff, MO Micro Area",56054,260,313,847,1666,1820,3192,1938,304,100,112,13015,38740
"Portales, NM Micro Area",18723,189,315,840,659,602,770,2192,309,108,100,4803,38780
"Port Angeles, WA Micro Area",76482,342,336,1123,2160,2218,2683,2230,483,513,1084,26602,38820
"Portland-South Portland, ME Metro Area",536314,2528,2995,9778,17370,17195,24539,24746,6969,5640,9295,189023,38860
"Portland-Vancouver-Hillsboro, OR-WA Metro Area",2472774,13951,14799,44326,94852,97603,120691,121044,33284,34148,63863,829049,38900
"Port Lavaca, TX Micro Area",21470,124,123,444,706,728,1251,714,9,95,411,5637,38920
"Port St. Lucie, FL Metro Area",481334,2472,2659,7174,13548,12954,23118,18353,4500,3272,7619,149382,38940
"Portsmouth, OH Micro Area",75441,461,561,1388,2707,2530,4021,2806,318,289,222,19398,39020
"Pottsville, PA Micro Area",141935,907,703,2442,4966,4600,7240,3373,938,602,843,42037,39060
"Poughkeepsie-Newburgh-Middletown, NY Metro Area",675601,5774,5858,15319,21513,19881,39247,42491,6986,7515,9426,194103,39100
"Prescott Valley-Prescott, AZ Metro Area",232396,1719,1483,2332,5648,5160,8493,11997,1601,1666,2560,82039,39150
"Price, UT Micro Area",20401,54,125,388,595,662,1165,921,115,29,137,5964,39220
"Prineville, OR Micro Area",23733,45,51,383,580,562,919,712,150,160,188,7917,39260
"Providence-Warwick, RI-MA Metro Area",1621099,12229,11046,33421,57301,53625,76951,104731,22749,15934,26686,490699,39300
"Provo-Orem, UT Metro Area",633129,6208,8481,25874,27411,19655,46858,73432,8403,8894,7460,161686,39340
"Pueblo, CO Metro Area",167412,1342,1065,2937,5684,5496,8843,7722,1356,1264,1178,45804,39380
"Pullman, WA Micro Area",49577,1758,1466,2803,2419,1576,1441,15232,3063,755,1289,16465,39420
"Punta Gorda, FL Metro Area",185926,711,789,2192,3887,3571,5918,5583,808,1384,3251,64106,39460
"Quincy, IL-MO Micro Area",75568,301,384,1316,2358,2256,3871,3058,430,377,454,21643,39500
"Racine, WI Metro Area",195859,1291,1540,3595,5920,5870,11293,7801,1635,1334,2120,59836,39540
"Raleigh-Cary, NC Metro Area",1362997,9562,8035,24523,47850,47621,74983,72832,24038,33463,48790,437266,39580
"Rapid City, SD Metro Area",140653,921,1553,2737,5083,4813,6594,6313,1555,841,2436,43828,39660
"Raymondville, TX Micro Area",21419,299,273,755,1099,994,1530,841,28,6,35,3106,39700
"Reading, PA Metro Area",419062,3362,2832,7929,13692,12731,22055,22237,3897,3162,5196,117296,39740
"Red Bluff, CA Micro Area",64176,610,357,881,2055,1951,4033,2784,272,213,438,17535,39780
"Redding, CA Metro Area",179267,909,1089,2999,5992,5708,8892,8911,1749,661,1503,55281,39820
"Red Wing, MN Micro Area",46330,135,215,830,1310,1349,2499,1416,412,327,499,15152,39860
"Reno, NV Metro Area",468268,3751,3762,8176,18759,17599,22549,27196,6187,4547,9409,155712,39900
"Rexburg, ID Micro Area",52836,660,922,3869,2922,1481,3360,11971,486,279,376,14234,39940
"Richmond, IN Micro Area",66176,479,430,1319,2017,1933,3060,2954,359,153,266,18949,39980
"Richmond, VA Metro Area",1282067,7637,7542,24697,45816,44826,66043,68636,19989,19482,22563,390140,40060
"Richmond-Berea, KY Micro Area",106277,1048,1575,3142,3685,2993,4659,12076,1349,773,763,29076,40080
"Rio Grande City-Roma, TX Micro Area",64032,609,614,1426,2401,2037,4710,3388,415,112,92,7894,40100
"Riverside-San Bernardino-Ontario, CA Metro Area",4600396,36625,35299,98291,179898,164068,288125,301938,55485,28214,45138,1109991,40140
"Riverton, WY Micro Area",39711,253,212,715,1063,1272,2006,1037,505,85,323,10827,40180
"Roanoke, VA Metro Area",313289,1736,1713,4926,9482,9527,14668,13160,2954,2223,4015,92682,40220
"Roanoke Rapids, NC Micro Area",70350,395,475,1101,2267,1833,3684,2373,196,223,242,16669,40260
"Rochelle, IL Micro Area",50793,172,398,790,1456,1439,2764,1787,479,234,426,15928,40300
"Rochester, MN Metro Area",219848,1256,1064,3796,6985,7580,11724,8603,3346,3696,3983,73815,40340
"Rochester, NY Metro Area",1071784,7315,8150,20884,37112,34417,52866,64640,15210,14724,21280,341570,40380
"Rockford, IL Metro Area",336928,1607,2001,6471,10556,9895,19692,13500,3172,1829,4418,100148,40420
"Rockingham, NC Micro Area",44759,488,454,914,1410,1076,2396,2078,190,183,163,11624,40460
"Rockport, TX Micro Area",24220,271,36,339,360,431,1535,677,166,132,392,7621,40530
"Rock Springs, WY Micro Area",43352,209,252,902,1491,1630,2506,2051,460,224,478,12699,40540
"Rocky Mount, NC Metro Area",146356,747,1069,2615,4666,3934,7454,6432,1483,813,899,37662,40580
"Rolla, MO Micro Area",44587,678,712,1948,1355,1276,1982,5855,1475,380,1186,14418,40620
"Rome, GA Metro Area",97805,533,584,2020,3373,2933,4945,5688,641,486,517,25096,40660
"Roseburg, OR Micro Area",110015,553,483,1755,2957,3082,4583,3141,489,377,948,34574,40700
"Roswell, NM Micro Area",64912,555,426,1261,2184,2050,3575,3060,224,131,356,15306,40740
"Ruidoso, NM Micro Area",19640,270,164,149,497,534,764,722,71,108,88,5994,40760
"Russellville, AR Micro Area",85351,835,950,1655,2834,2603,4208,6424,584,290,1240,20929,40780
"Ruston, LA Micro Area",47118,1010,1025,2240,1633,1389,2181,7977,1273,219,490,12624,40820
"Rutland, VT Micro Area",58527,422,417,1029,1624,1623,2611,2865,583,345,615,20145,40860
"Sacramento-Roseville-Folsom, CA Metro Area",2338866,15744,16197,46337,85785,82573,124831,160599,31955,24172,47162,717666,40900
"Safford, AZ Micro Area",38304,247,304,1053,1706,1601,2243,1957,168,129,161,7590,40940
"Saginaw, MI Metro Area",191166,1397,1263,3746,6565,5458,10537,11288,1524,917,2287,55276,40980
"St. Cloud, MN Metro Area",200264,2317,2306,5155,6986,6594,10432,17643,1899,1177,1219,59496,41060
"St. George, UT Metro Area",172127,1042,1189,3177,5175,4968,10529,8963,1415,1251,1569,50984,41100
"St. Joseph, MO-KS Metro Area",124946,960,936,2819,4549,4415,6368,6011,1013,477,725,31749,41140
"St. Louis, MO-IL Metro Area",2806349,16132,17603,51615,95011,93149,143598,129313,41887,37796,50024,887889,41180
"St. Marys, GA Micro Area",53960,755,630,1521,2576,2041,3099,1987,717,180,553,15355,41220
"St. Marys, PA Micro Area",30077,220,75,550,772,783,1615,650,117,153,396,10504,41260
"Salem, OH Micro Area",102514,459,606,1998,2986,2931,4916,3179,492,476,546,28144,41400
"Salem, OR Metro Area",428472,3192,2834,9546,15356,14556,23055,20902,3553,2852,3393,122095,41420
"Salina, KS Micro Area",60160,725,515,734,2084,1787,3211,2393,470,298,527,17662,41460
"Salinas, CA Metro Area",432977,3817,3158,8808,16366,16595,27764,26863,5432,3073,4354,98699,41500
"Salisbury, MD-DE Metro Area",411137,2629,3049,7450,12032,11100,18788,22420,3804,3235,4110,126010,41540
"Salt Lake City, UT Metro Area",1215955,8001,9016,26055,52354,49129,75160,67167,18280,16594,21727,351941,41620
"San Angelo, TX Metro Area",121472,1485,1053,2768,5048,4680,6281,8272,1139,750,545,31925,41660
"San Antonio-New Braunfels, TX Metro Area",2510211,18789,18695,53756,98295,95450,142357,135379,34178,23753,30217,628944,41700
"San Diego-Chula Vista-Carlsbad, CA Metro Area",3323970,29222,28951,81767,149202,137747,165419,244174,52016,54014,98178,980238,41740
"Sandpoint, ID Micro Area",44688,171,89,702,1025,1119,2191,1000,251,101,415,14009,41760
"Sandusky, OH Micro Area",74419,187,662,1242,2215,2103,3837,2566,806,246,653,23926,41780
"Sanford, NC Micro Area",61083,459,128,1129,1998,1649,3444,2801,305,299,556,16502,41820
"San Francisco-Oakland-Berkeley, CA Metro Area",4709220,25269,24494,83923,191728,199539,211638,274973,82719,145014,204833,1489356,41860
"San Germán, PR Metro Area",123319,673,1001,2811,3352,3065,6140,7420,693,684,629,13426,41900
"San Jose-Sunnyvale-Santa Clara, CA Metro Area",1985926,12370,12360,39157,86822,85892,100876,126181,39034,97024,179110,588345,41940
"San Juan-Bayamón-Caguas, PR Metro Area",2061555,14817,15932,39931,70163,58303,101625,130445,26065,13395,24405,351437,41980
"San Luis Obispo-Paso Robles, CA Metro Area",282517,4000,3934,8142,8921,8779,11701,33712,2625,2542,5509,92043,42020
"Santa Cruz-Watsonville, CA Metro Area",273170,3552,2944,7018,9346,8086,13006,32839,4913,3862,6265,83027,42100
"Santa Fe, NM Metro Area",150319,726,763,2518,4100,4392,6258,6044,1520,1258,2950,49976,42140
"Santa Isabel, PR Micro Area",21474,137,252,406,683,544,1067,1136,208,12,185,3247,42180
"Santa Maria-Santa Barbara, CA Metro Area",444895,5647,5440,13681,17261,14540,22263,52093,6653,4367,8362,123485,42200
"Santa Rosa-Petaluma, CA Metro Area",496801,2681,2830,8549,16621,16281,24180,30167,4774,3939,8670,163028,42220
"Sault Ste. Marie, MI Micro Area",37418,472,272,1162,1474,1364,1523,2419,316,175,384,10673,42300
"Savannah, GA Metro Area",390211,2960,2976,8376,15850,14698,19833,26286,7261,2620,6134,113958,42340
"Sayre, PA Micro Area",60721,258,422,904,1777,1692,2970,1270,391,363,573,18516,42380
"Scottsbluff, NE Micro Area",37827,290,89,740,1141,1100,2020,1062,402,121,276,10769,42420
"Scottsboro, AL Micro Area",51765,403,165,799,1581,1474,2516,1568,380,194,395,12140,42460
"Scottsburg, IN Micro Area",23785,63,143,582,747,659,1155,445,118,30,153,5600,42500
"Scranton--Wilkes-Barre, PA Metro Area",554787,4119,3642,9543,18543,17552,26330,26240,5768,4018,5161,164145,42540
"Searcy, AR Micro Area",78725,1321,663,1136,2244,2340,3925,5801,1116,451,282,18370,42620
"Seattle-Tacoma-Bellevue, WA Metro Area",3928498,23097,21598,80921,173833,172202,179481,193399,55705,105639,149583,1340841,42660
"Sebastian-Vero Beach, FL Metro Area",156964,553,814,2399,3578,3258,6352,5502,1503,955,2051,49280,42680
"Sebring-Avon Park, FL Metro Area",104574,589,413,1485,2576,2317,3714,3075,461,343,809,29400,42700
"Sedalia, MO Micro Area",42421,289,337,700,1325,1360,2276,1603,164,66,212,11962,42740
"Selinsgrove, PA Micro Area",40452,619,335,668,1130,1124,1919,2721,268,309,159,10716,42780
"Selma, AL Micro Area",38184,205,174,709,1049,982,2189,1323,562,43,40,8013,42820
"Seneca, SC Micro Area",78314,463,380,1308,2325,2117,3413,3549,551,502,1832,22456,42860
"Seneca Falls, NY Micro Area",34295,131,127,973,1414,1299,1329,1007,510,141,384,10300,42900
"Sevierville, TN Micro Area",98007,491,798,1600,3131,2741,4727,2668,466,294,548,27150,42940
"Seymour, IN Micro Area",44077,209,322,901,1336,1305,2532,1317,288,88,452,12041,42980
"Shawano, WI Micro Area",45379,280,210,797,1207,1155,2655,885,282,86,129,12778,43020
"Shawnee, OK Micro Area",72511,678,475,1234,2163,2097,4378,4129,516,210,356,17411,43060
"Sheboygan, WI Metro Area",115152,727,754,2192,3588,3434,5983,4683,779,716,1631,37478,43100
"Shelby, NC Micro Area",97765,716,665,1707,3058,2502,5122,5109,769,283,771,24041,43140
"Shelbyville, TN Micro Area",48937,481,391,770,1819,1618,2567,1354,135,362,260,11614,43180
"Shelton, WA Micro Area",65326,326,472,1146,2214,2096,3176,1816,397,229,541,20678,43220
"Sheridan, WY Micro Area",30397,275,220,413,848,963,1296,1400,220,159,472,10431,43260
"Sherman-Denison, TX Metro Area",133527,847,1352,1903,3892,3721,6935,6662,1213,748,1220,35648,43300
"Show Low, AZ Micro Area",110271,777,472,2223,3739,3382,6999,2884,559,393,677,22219,43320
"Shreveport-Bossier City, LA Metro Area",397590,2343,2602,7764,14035,13657,20753,17117,4075,1811,3163,104384,43340
"Sidney, OH Micro Area",48610,323,268,864,1467,1396,2985,1515,318,240,492,14212,43380
"Sierra Vista-Douglas, AZ Metro Area",126442,1062,623,2615,4477,4160,6494,5488,1188,1302,1626,40053,43420
"Sikeston, MO Micro Area",38538,242,218,690,1238,1117,1816,1314,338,92,130,9809,43460
"Silver City, NM Micro Area",27391,108,135,396,755,630,1191,1045,374,98,424,7760,43500
"Sioux City, IA-NE-SD Metro Area",144152,1248,799,3084,4690,4905,7590,6739,1325,585,883,40497,43580
"Sioux Falls, SD Metro Area",264437,1576,1572,4766,10154,10521,13529,10364,2807,2471,2403,84862,43620
"Snyder, TX Micro Area",16918,229,71,280,640,752,1030,682,145,0,13,3932,43660
"Somerset, KY Micro Area",64789,284,314,1075,1966,1863,3325,2490,577,224,456,17149,43700
"Somerset, PA Micro Area",73844,475,358,1352,2547,2479,3290,1553,296,266,361,20305,43740
"Sonora, CA Micro Area",54147,367,258,975,1917,2112,2380,2400,306,315,673,17668,43760
"South Bend-Mishawaka, IN-MI Metro Area",322494,2772,2426,6215,10961,9967,16274,20414,4994,2539,4158,94343,43780
"Spartanburg, SC Metro Area",313791,2134,1948,5930,11199,9912,16251,15445,3662,2413,4216,86080,43900
"Spearfish, SD Micro Area",25806,284,145,657,755,838,1223,2239,211,213,475,8989,43940
"Spencer, IA Micro Area",16138,52,60,361,458,486,808,405,29,28,25,5326,43980
"Spirit Lake, IA Micro Area",17260,38,38,327,412,443,663,453,108,120,330,6482,44020
"Springfield, IL Metro Area",208224,1266,1171,3566,6175,6307,10878,8576,2737,2003,1907,67282,44100
"Springfield, MA Metro Area",698537,7033,7243,15578,22713,20967,34059,61451,10738,6261,8975,204436,44140
"Springfield, MO Metro Area",466897,4797,4402,10624,16246,14860,21088,35093,6126,3335,2376,144620,44180
"Springfield, OH Metro Area",134409,939,836,2413,3993,3730,7263,5783,864,810,898,40198,44220
"Starkville, MS Micro Area",59320,1206,1727,3181,2476,1705,2504,13559,2149,453,986,16466,44260
"State College, PA Metro Area",162264,4339,4290,6117,7307,5567,5268,31860,7471,2646,5068,50031,44300
"Statesboro, GA Micro Area",77719,1862,1503,2618,3061,2516,3179,15397,1331,662,642,21277,44340
"Staunton, VA Metro Area",122714,547,652,2188,3907,3938,5382,3668,1404,894,1352,36216,44420
"Steamboat Springs, CO Micro Area",25317,267,129,393,955,1117,1412,1048,188,192,450,8818,44460
"Stephenville, TX Micro Area",42226,503,717,1656,1460,1177,1838,6882,627,529,448,10953,44500
"Sterling, CO Micro Area",22282,254,53,725,1248,1006,929,1039,78,180,60,6175,44540
"Sterling, IL Micro Area",55583,249,251,982,1587,1385,3221,1521,231,202,349,16978,44580
"Stevens Point, WI Micro Area",70822,977,893,2358,2450,2022,2990,7528,719,873,704,23342,44620
"Stillwater, OK Micro Area",81912,2212,2604,4129,3492,2599,3125,17278,3906,860,1138,24604,44660
"Stockton, CA Metro Area",751615,5909,6098,14355,28079,26002,47840,40648,7153,4516,7484,174963,44700
"Storm Lake, IA Micro Area",19950,95,299,469,584,695,1168,1226,68,37,41,5359,44740
"Sturgis, MI Micro Area",60789,295,470,1064,1818,1784,3456,1480,228,170,520,16612,44780
"Sulphur Springs, TX Micro Area",36708,95,278,749,1120,1095,1963,981,291,261,168,9316,44860
"Summerville, GA Micro Area",24826,270,195,472,1002,784,1175,682,164,2,178,5357,44900
"Sumter, SC Metro Area",140540,999,1388,3407,5188,4257,7145,6307,1108,811,590,36521,44940
"Sunbury, PA Micro Area",91234,469,570,1620,2992,2969,3929,1961,360,297,487,26440,44980
"Susanville, CA Micro Area",30600,367,342,1556,2876,1976,1342,803,59,90,63,6620,45000
"Sweetwater, TX Micro Area",14901,32,56,408,363,472,813,290,59,95,65,3229,45020
"Syracuse, NY Metro Area",650211,5220,4873,12375,21324,20362,32085,45263,9283,5766,9226,203046,45060
"Tahlequah, OK Micro Area",48871,610,611,1429,1499,1470,2673,4277,333,225,345,11189,45140
"Talladega-Sylacauga, AL Micro Area",80244,582,518,1417,2656,2300,4057,3560,341,283,286,19266,45180
"Tallahassee, FL Metro Area",384783,6660,5422,12224,14920,11820,17414,49168,11064,4170,4033,121493,45220
"Tampa-St. Petersburg-Clearwater, FL Metro Area",3152928,17062,18432,53008,106209,102171,141885,161311,39818,36304,49030,1010867,45300
"Taos, NM Micro Area",32759,28,340,524,764,825,1386,1195,160,123,485,9471,45340
"Taylorville, IL Micro Area",32705,152,321,507,1048,1085,1560,992,158,149,187,10221,45380
"Terre Haute, IN Metro Area",186580,2040,1691,4539,6766,5978,8449,13540,1817,871,1586,52000,45460
"Texarkana, TX-AR Metro Area",149482,860,1052,3038,5400,4924,7937,5372,1076,705,1143,35722,45500
"The Dalles, OR Micro Area",26274,206,157,418,921,884,1224,922,134,50,368,7743,45520
"The Villages, FL Metro Area",129938,254,230,855,2177,2450,2305,1741,200,1460,2767,48474,45540
"Thomaston, GA Micro Area",26329,57,226,395,1038,615,1496,823,308,84,105,6818,45580
"Thomasville, GA Micro Area",44545,274,113,985,1287,1260,2358,1631,576,158,269,12360,45620
"Tiffin, OH Micro Area",55251,462,487,1112,1742,1592,2907,3704,394,307,205,15925,45660
"Tifton, GA Micro Area",40590,497,319,584,1383,1237,2306,3047,187,161,94,9202,45700
"Toccoa, GA Micro Area",25934,154,109,667,838,731,1446,1659,117,209,90,7155,45740
"Toledo, OH Metro Area",643724,6332,5296,12148,22665,20131,32946,39653,8121,3335,8783,199304,45780
"Spokane-Spokane Valley, WA Metro Area",558635,3603,4570,10481,21857,19879,26301,31679,6051,4523,7024,181441,44060
"Topeka, KS Metro Area",232248,883,1505,4342,6850,6636,12329,8200,1772,1950,1763,72165,45820
"Torrington, CT Micro Area",181143,1330,845,2975,4918,4734,9272,7779,1718,1901,3031,62157,45860
"Traverse City, MI Micro Area",149717,864,811,2165,4326,4390,7083,6189,1247,1042,2487,49529,45900
"Trenton-Princeton, NJ Metro Area",368085,2696,3442,7975,12295,11305,19329,25754,6399,8445,11237,105061,45940
"Troy, AL Micro Area",33274,767,385,1305,1356,731,1212,5281,746,361,230,6741,45980
"Truckee-Grass Valley, CA Micro Area",99417,290,352,1656,2187,2567,4449,3367,617,694,2146,34964,46020
"Tucson, AZ Metro Area",1038476,10119,9583,26575,37563,31920,52665,72895,15356,10026,21033,327596,46060
"Tullahoma-Manchester, TN Micro Area",104419,774,698,2007,3140,2903,5348,4693,857,640,1772,27406,46100
"Tulsa, OK Metro Area",996141,6528,6139,18837,35234,33430,53370,42150,9343,6883,13833,284970,46140
"Tupelo, MS Micro Area",165851,1078,1258,2927,5356,5107,8447,7836,1270,480,844,36556,46180
"Tuscaloosa, AL Metro Area",251878,2779,3581,6493,10040,7971,11188,25194,3960,1535,3041,61190,46220
"Twin Falls, ID Metro Area",110272,436,625,2463,3650,3875,6573,4518,583,163,591,30011,46300
"Tyler, TX Metro Area",230184,1598,1937,4231,7912,7406,12180,13065,2340,1621,2374,49798,46340
"Ukiah, CA Micro Area",87110,492,420,1486,2468,2551,4346,3882,674,362,553,25221,46380
"Union, SC Micro Area",27325,171,189,404,812,490,1432,701,213,177,133,6423,46420
"Union City, TN Micro Area",30343,148,158,418,921,712,1719,756,135,105,200,7541,46460
"Urbana, OH Micro Area",38861,263,306,702,1197,1070,2103,1500,104,189,254,11395,46500
"Urban Honolulu, HI Metro Area",979682,7219,8925,23606,41845,37489,41982,59327,13664,10102,17587,260181,46520
"Utica-Rome, NY Metro Area",290812,2259,1999,5686,9420,8984,14377,14219,2576,2688,3335,86260,46540
"Uvalde, TX Micro Area",26899,108,267,585,904,863,1826,1224,203,61,92,5630,46620
"Valdosta, GA Metro Area",146462,1843,1457,5071,5804,4970,7852,11656,1723,677,962,36886,46660
"Vallejo, CA Metro Area",444538,2993,2890,9517,17326,16420,22831,25037,5028,3112,6054,128045,46700
"Van Wert, OH Micro Area",28213,166,159,452,882,718,1448,777,219,72,196,8542,46780
"Vermillion, SD Micro Area",14076,337,211,502,621,342,528,3676,573,59,107,4398,46820
"Vernal, UT Micro Area",35736,206,238,783,1108,1470,2463,1013,237,123,204,8117,46860
"Vernon, TX Micro Area",12717,90,53,151,432,552,479,557,177,21,6,3258,46900
"Vicksburg, MS Micro Area",46030,411,239,779,1412,1225,2251,1897,379,287,897,11483,46980
"Victoria, TX Metro Area",99622,601,1065,1728,3481,3275,5373,4108,525,542,1112,22937,47020
"Vidalia, GA Micro Area",36016,323,231,565,1082,990,2030,1840,200,126,56,7861,47080
"Vincennes, IN Micro Area",36833,566,238,857,1153,1120,1550,2677,318,222,123,10163,47180
"Vineland-Bridgeton, NJ Metro Area",150085,906,896,2870,6042,6130,8119,5328,1015,600,717,35741,47220
"Vineyard Haven, MA Micro Area",17430,21,91,251,443,535,696,489,122,75,160,5990,47240
"Virginia Beach-Norfolk-Newport News, VA-NC Metro Area",1768956,16943,15095,44218,73388,65470,85288,112208,29747,21609,28898,544505,47260
"Visalia, CA Metro Area",463955,3296,3615,9861,17486,16131,32404,26068,3114,1484,1500,93143,47300
"Wabash, IN Micro Area",31198,190,351,541,870,815,1668,1773,198,130,255,9224,47340
"Waco, TX Metro Area",271326,2720,3485,7713,9120,8175,14459,23755,3665,1412,1997,68573,47380
"Wahpeton, ND-MN Micro Area",22509,299,153,409,627,695,1078,1648,133,67,271,7449,47420
"Walla Walla, WA Metro Area",60785,787,648,1383,2267,2109,3128,5407,547,435,628,18609,47460
"Wapakoneta, OH Micro Area",45709,256,213,869,1420,1235,2602,1138,414,112,403,14986,47540
"Warner Robins, GA Metro Area",182819,2005,1051,3234,6437,6233,10293,13063,2519,2598,3473,53551,47580
"Warren, PA Micro Area",39466,213,233,594,1097,1007,1945,889,167,221,321,12625,47620
"Warrensburg, MO Micro Area",53948,884,1247,2234,2595,1804,2159,6909,710,300,541,16205,47660
"Warsaw, IN Micro Area",79156,525,575,1551,2571,2684,4423,2553,620,599,1385,23583,47700
"Washington, IN Micro Area",33277,333,265,459,1175,1010,1606,583,61,111,127,6577,47780
"Washington, NC Micro Area",47160,309,464,538,1130,1096,2503,1387,141,264,430,14110,47820
"Washington-Arlington-Alexandria, DC-VA-MD-WV Metro Area",6250309,37391,35137,121792,227472,234550,324633,336977,137258,175284,196257,1970319,47900
"Washington Court House, OH Micro Area",28609,160,176,549,994,750,1515,666,116,155,140,7863,47920
"Waterloo-Cedar Falls, IA Metro Area",169107,1739,1876,4980,5860,4983,7524,15975,2052,984,2391,51570,47940
"Watertown, SD Micro Area",34237,265,120,609,1169,1044,1891,1443,132,72,185,10564,47980
"Watertown-Fort Atkinson, WI Micro Area",84837,664,358,1555,2406,2498,4154,4940,654,505,890,26182,48020
"Watertown-Fort Drum, NY Metro Area",111454,1119,1661,4179,6106,4640,4835,4943,929,601,996,33636,48060
"Wauchula, FL Micro Area",27027,177,174,745,1155,916,1732,899,55,9,51,4666,48100
"Wausau-Weston, WI Metro Area",163172,869,1102,2660,4902,4715,8079,5866,844,922,1296,53062,48140
"Waycross, GA Micro Area",55081,447,217,757,2176,1761,2991,1497,257,86,162,11958,48180
"Weatherford, OK Micro Area",28929,501,354,872,1177,937,1151,3532,325,100,87,7755,48220
"Weirton-Steubenville, WV-OH Metro Area",117223,772,751,1912,3337,3062,5038,5470,864,375,461,34241,48260
"Wenatchee, WA Metro Area",119173,807,784,1926,3944,3829,6742,4457,602,577,1064,34908,48300
"West Plains, MO Micro Area",40130,263,279,668,1168,1129,2253,1209,611,447,165,10359,48460
"West Point, MS Micro Area",19515,145,59,315,639,619,1110,722,145,65,63,4266,48500
"Wheeling, WV-OH Metro Area",140199,947,772,2507,4884,4250,6968,5294,1095,650,1030,37799,48540
"Whitewater, WI Micro Area",103391,1112,1414,2237,3004,2818,5352,8501,879,612,933,33810,48580
"Wichita, KS Metro Area",639668,4464,4604,13184,22702,21354,36822,31913,8455,4759,10144,189664,48620
"Wichita Falls, TX Metro Area",151352,1720,1411,4236,6102,5525,7057,9136,1482,911,1317,39573,48660
"Williamsport, PA Metro Area",114014,956,893,1737,3923,3670,4862,6732,716,568,942,33852,48700
"Williston, ND Micro Area",36044,81,154,959,1868,2376,1625,1200,141,204,295,11251,48780
"Willmar, MN Micro Area",42909,380,252,847,1423,1320,2181,1519,264,231,253,12795,48820
"Wilmington, NC Metro Area",293339,2572,2827,6438,9448,8863,12731,21742,3491,3421,5038,99793,48900
"Wilmington, OH Micro Area",42000,328,455,581,1232,1275,2248,2182,389,170,402,11906,48940
"Wilson, NC Micro Area",81579,637,373,1422,2445,2222,4774,3712,494,378,756,20750,48980
"Winchester, VA-WV Metro Area",139270,459,1078,2527,4459,3995,7354,5754,1519,1168,1463,39948,49020
"Winfield, KS Micro Area",35090,332,169,862,1028,1025,2017,2048,218,155,231,9938,49060
"Winnemucca, NV Micro Area",16834,90,64,163,489,830,977,696,74,47,109,4776,49080
"Winona, MN Micro Area",50744,672,816,1861,1699,1578,2131,8225,256,473,521,15989,49100
"Winston-Salem, NC Metro Area",671156,4229,3065,12754,20734,19317,36411,31816,6854,5473,6876,200908,49180
"Wisconsin Rapids-Marshfield, WI Micro Area",72892,306,370,1186,1977,2223,3538,2055,325,472,341,24316,49220
"Woodward, OK Micro Area",24288,103,204,400,959,967,1400,436,82,103,143,6018,49260
"Wooster, OH Micro Area",116063,1175,761,2107,3537,3387,5217,5432,903,636,1250,32761,49300
"Worcester, MA-CT Metro Area",943312,7408,6232,18621,31137,30836,49466,57971,14504,13646,21957,288564,49340
"Worthington, MN Micro Area",21667,148,88,347,782,679,1214,620,116,43,82,5495,49380
"Yakima, WA Metro Area",250649,1867,1451,5416,9021,8033,16257,8749,1777,632,857,57335,49420
"Yankton, SD Micro Area",22746,138,181,533,729,715,1193,607,211,124,213,7350,49460
"Yauco, PR Metro Area",88203,857,504,1628,2489,2378,4726,5219,516,381,367,12324,49500
"York-Hanover, PA Metro Area",447628,2510,2699,7988,14139,13892,22762,16839,3995,3638,5385,134288,49620
"Youngstown-Warren-Boardman, OH-PA Metro Area",538115,3543,3494,9814,16902,14943,26685,22161,3926,3345,5782,161580,49660
"Yuba City, CA Metro Area",173839,1257,1062,3811,6939,6211,10188,10179,1383,757,1711,44332,49700
"Yuma, AZ Metro Area",211931,1500,2465,6671,8749,7515,12773,11023,1244,498,1450,51838,49740
"Zanesville, OH Micro Area",86033,590,779,1455,2743,2548,4214,3631,522,268,481,23316,49780
"Zapata, TX Micro Area",14243,54,25,373,454,395,944,323,0,0,26,2067,49820
