NAME,B07001_053E,B07001_054E,B07001_055E,B07001_069E,B07001_070E,B07001_071E,B07001_085E,B07001_086E,B07001_087E,B07401_053E,B07401_054E,B07401_055E,B07401_069E,B07401_070E,B07401_071E,metropolitan statistical area/micropolitan statistical area
"Aberdeen, SD Micro Area",249,107,75,71,327,24,53,13,56,366,192,52,225,160,72,10100
"Aberdeen, WA Micro Area",283,764,327,234,100,118,0,0,0,371,352,321,82,173,88,10140
"Abilene, TX Metro Area",2958,1358,1122,673,607,348,201,197,82,2144,1366,712,552,458,180,10180
"Ada, OK Micro Area",331,134,107,54,90,42,34,0,0,333,262,91,214,90,16,10220
"Adrian, MI Micro Area",591,516,369,155,283,100,49,4,20,527,530,193,134,309,174,10300
"Aguadilla-Isabela, PR Metro Area",,,,,,,,,,,,,,,,10380
"Akron, OH Metro Area",5056,4001,1990,1240,1084,1072,413,327,97,4086,4023,1857,2027,1829,944,10420
"Alamogordo, NM Micro Area",175,236,201,458,704,311,582,426,246,219,231,145,628,727,447,10460
"Albany, GA Metro Area",1448,944,544,416,381,189,19,13,10,1456,1153,363,287,85,523,10500
"Albany-Lebanon, OR Metro Area",630,938,741,415,152,130,0,0,129,1118,1065,324,233,175,187,10540
"Albany-Schenectady-Troy, NY Metro Area",8135,5714,4369,3214,2669,1183,732,693,389,6496,5529,4267,3766,2431,1799,10580
"Albemarle, NC Micro Area",219,275,288,44,124,86,0,5,3,273,420,67,37,6,10,10620
"Albert Lea, MN Micro Area",135,181,134,21,26,12,14,3,18,150,190,108,104,73,18,10660
"Albertville, AL Micro Area",432,322,398,107,327,102,51,8,18,399,346,400,88,190,56,10700
"Albuquerque, NM Metro Area",2385,2815,1909,2237,2612,2432,977,581,437,2700,3150,2213,3163,3809,2980,10740
"Alexander City, AL Micro Area",225,311,132,6,188,104,19,0,0,152,346,95,42,77,8,10760
"Alexandria, LA Metro Area",708,603,505,292,336,381,31,55,82,730,772,491,258,489,248,10780
"Alexandria, MN Micro Area",149,198,76,5,119,43,47,0,0,294,171,83,97,232,8,10820
"Alice, TX Micro Area",89,223,256,0,6,0,0,42,35,203,410,268,8,70,124,10860
"Allentown-Bethlehem-Easton, PA-NJ Metro Area",4084,4277,2844,1819,2128,2166,433,537,215,4405,3896,2336,2620,1924,1357,10900
"Alma, MI Micro Area",300,368,215,47,15,17,14,5,4,440,234,184,30,32,24,10940
"Alpena, MI Micro Area",115,224,61,6,17,16,0,2,13,313,178,91,20,57,160,10980
"Altoona, PA Metro Area",564,601,316,152,233,106,0,33,52,806,522,222,226,103,130,11020
"Altus, OK Micro Area",221,122,50,273,274,239,4,6,20,333,121,14,154,273,293,11060
"Amarillo, TX Metro Area",2342,2015,1682,683,561,374,59,123,165,2887,2359,2011,558,447,471,11100
"Americus, GA Micro Area",354,235,247,0,0,130,8,25,0,307,158,328,36,110,22,11140
"Ames, IA Metro Area",3127,634,397,1116,539,298,363,132,83,2732,1210,567,1726,1098,524,11180
"Amsterdam, NY Micro Area",234,247,162,76,64,88,61,6,30,212,237,101,74,0,30,11220
"Anchorage, AK Metro Area",1040,1522,1752,2581,2401,1903,437,364,359,1367,1559,1379,2950,2854,2575,11260
"Andrews, TX Micro Area",107,77,189,65,44,16,12,0,0,89,140,54,33,29,11,11380
"Angola, IN Micro Area",219,171,66,117,55,22,0,0,0,291,269,70,152,113,18,11420
"Ann Arbor, MI Metro Area",5007,2974,1477,3833,1970,1555,1628,617,735,3173,3247,1697,3305,3625,1725,11460
"Anniston-Oxford, AL Metro Area",554,456,187,209,292,102,6,11,19,722,719,265,450,245,162,11500
"Appleton, WI Metro Area",1915,1523,959,457,287,281,34,34,11,2799,1779,838,782,456,353,11540
"Arcadia, FL Micro Area",125,216,289,0,26,174,45,41,24,64,255,136,32,20,22,11580
"Ardmore, OK Micro Area",214,254,163,162,112,77,58,15,51,433,286,248,150,343,92,11620
"Arecibo, PR Metro Area",,,,,,,,,,,,,,,,11640
"Arkadelphia, AR Micro Area",380,155,25,100,57,19,15,0,0,397,75,92,163,102,0,11660
"Asheville, NC Metro Area",1708,1738,1424,1452,1225,1894,241,299,120,1810,1876,1394,863,1279,1090,11700
"Ashland, OH Micro Area",620,349,153,22,31,5,33,29,8,410,265,228,87,180,0,11740
"Ashtabula, OH Micro Area",339,386,276,162,109,155,0,0,0,648,486,203,62,121,59,11780
"Astoria, OR Micro Area",199,121,129,166,105,148,0,14,0,125,281,51,293,311,258,11820
"Atchison, KS Micro Area",61,107,0,246,27,18,0,0,0,205,221,18,295,27,8,11860
"Athens, OH Micro Area",3589,406,274,300,303,88,112,160,186,1195,654,159,421,256,275,11900
"Athens, TN Micro Area",320,475,290,129,112,158,2,0,0,308,163,53,118,50,9,11940
"Athens, TX Micro Area",234,904,269,83,9,134,7,4,0,410,288,245,94,334,29,11980
"Athens-Clarke County, GA Metro Area",4038,1360,1034,1185,993,858,115,236,134,3258,2220,647,1295,1170,578,12020
"Atlanta-Sandy Springs-Alpharetta, GA Metro Area",38350,44799,29408,18396,22034,16137,3269,4936,4140,39493,44583,30970,16537,18604,12872,12060
"Atlantic City-Hammonton, NJ Metro Area",856,864,615,368,288,241,247,120,84,1030,1214,606,890,620,424,12100
"Atmore, AL Micro Area",55,81,94,114,46,24,0,0,0,268,170,108,79,90,53,12120
"Auburn, IN Micro Area",241,438,71,91,18,31,17,0,0,539,198,192,47,39,27,12140
"Auburn, NY Micro Area",277,530,577,83,116,118,24,10,31,585,541,227,308,70,33,12180
"Auburn-Opelika, AL Metro Area",1466,544,396,1644,811,490,164,140,30,1293,1113,353,1558,1218,1111,12220
"Augusta-Richmond County, GA-SC Metro Area",2708,3347,2045,3523,2557,2646,224,428,574,3087,2824,1958,2309,2926,2656,12260
"Augusta-Waterville, ME Micro Area",691,574,272,333,204,220,21,69,0,474,658,297,349,144,92,12300
"Austin, MN Micro Area",166,186,86,156,108,125,12,4,32,266,276,231,67,22,29,12380
"Austin-Round Rock-Georgetown, TX Metro Area",18598,17774,11541,7790,11647,8267,1500,3224,1933,16052,16108,10547,6580,7217,4305,12420
"Bainbridge, GA Micro Area",116,314,189,34,132,63,0,0,0,203,89,22,116,35,37,12460
"Bakersfield, CA Metro Area",3808,4426,3659,1014,1588,1013,306,362,548,3112,3752,2387,1483,1656,1016,12540
"Baltimore-Columbia-Towson, MD Metro Area",11300,15858,13432,9921,9503,7755,1718,2220,1734,11279,15793,13078,13587,10982,8118,12580
"Bangor, ME Metro Area",764,423,419,851,519,272,59,40,115,1078,624,359,642,322,164,12620
"Baraboo, WI Micro Area",521,342,187,127,299,71,6,25,9,463,327,116,128,99,31,12660
"Bardstown, KY Micro Area",124,267,153,49,10,0,0,0,0,254,154,224,40,26,6,12680
"Barnstable Town, MA Metro Area",383,421,339,772,292,254,70,129,97,914,1012,680,599,493,180,12700
"Barre, VT Micro Area",84,165,160,266,119,194,36,41,0,284,260,171,297,482,159,12740
"Bartlesville, OK Micro Area",219,152,136,165,158,155,23,33,25,452,141,208,48,211,145,12780
"Batavia, NY Micro Area",300,291,227,51,72,73,1,6,4,370,329,176,102,89,60,12860
"Batesville, AR Micro Area",290,306,154,107,63,58,0,0,0,224,91,159,73,175,102,12900
"Baton Rouge, LA Metro Area",4776,4152,3097,2150,2049,1512,190,231,431,4076,4368,3240,2828,2225,1655,12940
"Battle Creek, MI Metro Area",542,860,426,271,231,254,47,17,32,632,577,571,204,163,133,12980
"Bay City, MI Metro Area",627,507,195,71,321,39,11,0,23,624,512,240,166,111,51,13020
"Bay City, TX Micro Area",114,126,201,0,134,46,0,0,52,293,70,12,61,9,31,13060
"Beatrice, NE Micro Area",136,75,47,3,0,26,0,0,0,317,85,39,52,71,0,13100
"Beaumont-Port Arthur, TX Metro Area",1781,2475,1948,438,645,639,171,189,248,2572,2582,1771,449,630,527,13140
"Beaver Dam, WI Micro Area",568,831,408,145,137,132,0,81,19,638,706,536,217,99,23,13180
"Beckley, WV Metro Area",381,218,459,216,255,116,0,26,0,536,237,622,464,176,88,13220
"Bedford, IN Micro Area",107,31,23,11,31,0,0,44,2,375,95,116,111,36,24,13260
"Beeville, TX Micro Area",264,431,353,135,0,1,11,6,0,415,282,294,33,9,9,13300
"Bellefontaine, OH Micro Area",178,97,69,63,82,75,10,5,0,249,407,151,85,45,10,13340
"Bellingham, WA Metro Area",2400,1180,424,1401,833,537,97,116,55,1889,1456,688,1294,1160,692,13380
"Bemidji, MN Micro Area",1106,215,184,237,142,51,40,2,0,398,439,203,96,12,37,13420
"Bend, OR Metro Area",861,833,510,1313,1062,750,174,151,79,643,655,444,694,680,570,13460
"Bennettsville, SC Micro Area",42,150,147,46,74,116,22,0,0,85,42,185,74,72,35,13500
"Bennington, VT Micro Area",66,224,18,311,155,232,36,2,2,83,125,27,153,60,130,13540
"Berlin, NH Micro Area",136,121,127,151,167,120,0,0,0,199,60,58,187,39,39,13620
"Big Rapids, MI Micro Area",1339,303,182,113,51,43,17,31,0,512,354,95,53,96,55,13660
"Big Spring, TX Micro Area",161,150,157,9,132,56,93,95,54,215,137,67,36,134,125,13700
"Big Stone Gap, VA Micro Area",427,199,155,57,25,100,8,0,14,268,270,110,119,226,80,13720
"Billings, MT Metro Area",688,568,493,497,788,739,20,44,65,661,793,483,872,789,479,13740
"Binghamton, NY Metro Area",2680,1298,474,856,743,266,513,216,89,1091,976,445,1310,827,221,13780
"Birmingham-Hoover, AL Metro Area",6359,5469,3578,2060,2584,2173,307,532,251,5817,4629,3321,2245,3499,2414,13820
"Bismarck, ND Metro Area",1140,963,526,318,289,164,43,219,284,995,692,575,416,501,280,13900
"Blackfoot, ID Micro Area",197,212,59,138,44,179,21,0,26,213,166,46,276,97,144,13940
"Blacksburg-Christiansburg, VA Metro Area",3112,794,491,945,538,509,296,162,110,2336,1375,408,1358,714,435,13980
"Bloomington, IL Metro Area",2691,845,570,675,317,206,131,131,120,1690,1142,423,1033,724,395,14010
"Bloomington, IN Metro Area",4154,1007,647,1978,795,393,685,497,35,1751,1489,380,1430,1228,462,14020
"Bloomsburg-Berwick, PA Metro Area",702,257,236,210,161,139,13,40,15,828,406,359,107,101,124,14100
"Bluefield, WV-VA Micro Area",385,234,269,261,543,87,27,0,0,471,255,298,221,434,160,14140
"Bluffton, IN Micro Area",243,163,195,28,64,3,0,0,0,93,173,15,38,17,70,14160
"Blytheville, AR Micro Area",333,148,98,80,110,52,0,23,0,107,138,177,114,278,63,14180
"Bogalusa, LA Micro Area",96,123,149,34,67,38,0,4,0,191,232,253,0,37,0,14220
"Boise City, ID Metro Area",3606,2879,1479,3686,3748,2312,514,210,196,3164,2423,1781,3144,2199,1205,14260
"Bonham, TX Micro Area",366,601,324,25,24,112,0,27,15,267,394,250,0,34,16,14300
"Boone, NC Micro Area",1603,423,118,344,280,94,25,13,2,1317,541,179,551,327,107,14380
"Borger, TX Micro Area",112,27,95,87,90,54,0,0,0,378,185,80,19,27,43,14420
"Boston-Cambridge-Newton, MA-NH Metro Area",22838,29481,20403,22234,23295,15261,8396,7479,6042,23019,30612,21414,25240,26932,16396,14460
"Boulder, CO Metro Area",3192,2487,1422,3874,2473,1678,564,558,163,2911,2881,2179,2281,1783,997,14500
"Bowling Green, KY Metro Area",1712,1029,617,1221,714,352,93,76,46,1182,869,491,788,648,386,14540
"Bozeman, MT Micro Area",705,410,268,1797,1543,500,207,90,4,738,651,251,1148,969,393,14580
"Bradford, PA Micro Area",159,100,100,129,153,38,0,0,68,190,75,62,120,240,77,14620
"Brainerd, MN Micro Area",531,492,374,206,155,151,8,2,2,394,412,299,193,72,25,14660
"Branson, MO Micro Area",140,170,40,208,120,39,0,84,0,314,167,305,163,138,12,14700
"Breckenridge, CO Micro Area",228,178,414,140,361,94,0,198,0,259,298,275,366,196,288,14720
"Bremerton-Silverdale-Port Orchard, WA Metro Area",841,1275,748,3461,2059,1366,183,165,81,1512,1639,1074,1205,1280,1072,14740
"Brenham, TX Micro Area",420,68,36,87,0,32,54,33,17,244,124,81,92,0,12,14780
"Brevard, NC Micro Area",186,70,53,192,173,79,3,0,15,44,38,103,108,64,29,14820
"Bridgeport-Stamford-Norwalk, CT Metro Area",1135,1417,985,3726,3686,3258,1044,1605,921,2950,2087,1035,4758,4326,2442,14860
"Brookhaven, MS Micro Area",209,113,24,33,0,65,0,0,0,156,162,69,70,79,72,15020
"Brookings, OR Micro Area",67,84,3,3,51,98,50,0,0,155,24,18,94,21,47,15060
"Brookings, SD Micro Area",785,147,9,614,73,31,29,18,32,671,286,108,560,197,50,15100
"Brownsville, TN Micro Area",66,40,13,0,0,0,0,0,0,75,27,44,53,0,57,15140
"Brownsville-Harlingen, TX Metro Area",481,506,423,230,65,86,122,148,168,1598,1975,796,576,353,155,15180
"Brownwood, TX Micro Area",259,259,253,9,0,14,0,27,0,202,653,402,14,50,18,15220
"Brunswick, GA Metro Area",684,503,281,193,223,400,32,26,26,582,560,326,109,233,324,15260
"Bucyrus-Galion, OH Micro Area",207,193,104,25,0,0,0,0,0,457,191,162,32,25,0,15340
"Buffalo-Cheektowaga, NY Metro Area",3614,3116,2120,1679,1844,1299,801,528,494,3618,3008,2145,2523,2811,1483,15380
"Burley, ID Micro Area",398,119,305,149,161,95,52,24,51,256,199,287,80,100,16,15420
"Burlington, IA-IL Micro Area",145,132,134,231,116,61,4,13,3,200,63,95,241,98,63,15460
"Burlington, NC Metro Area",519,1043,508,540,395,181,129,0,103,1271,930,407,500,349,55,15500
"Burlington-South Burlington, VT Metro Area",1103,1122,687,2317,1163,683,312,119,22,807,780,384,1346,1166,778,15540
"Butte-Silver Bow, MT Micro Area",361,236,127,134,95,7,211,3,0,220,170,17,246,171,89,15580
"Cadillac, MI Micro Area",405,286,228,33,58,36,24,0,0,423,290,294,43,59,36,15620
"Calhoun, GA Micro Area",104,315,166,26,78,17,0,59,38,326,91,235,153,24,48,15660
"California-Lexington Park, MD Metro Area",517,553,463,435,571,455,51,3,132,332,256,100,324,576,396,15680
"Cambridge, MD Micro Area",170,95,49,79,17,0,0,0,0,126,229,81,80,11,43,15700
"Cambridge, OH Micro Area",161,161,110,60,112,44,0,0,0,251,61,202,30,67,38,15740
"Camden, AR Micro Area",98,66,31,25,0,39,0,0,0,217,143,69,14,111,86,15780
"Campbellsville, KY Micro Area",266,284,262,135,17,17,23,4,3,169,201,228,62,45,38,15820
"Cañon City, CO Micro Area",323,149,81,38,46,181,6,26,0,153,154,364,99,101,266,15860
"Canton-Massillon, OH Metro Area",1641,1211,550,390,544,308,33,35,26,1901,1460,1022,760,653,327,15940
"Cape Coral-Fort Myers, FL Metro Area",1618,2523,1113,1423,1961,2067,304,306,319,2210,1969,1356,1675,1507,1148,15980
"Cape Girardeau, MO-IL Metro Area",864,562,377,466,325,110,200,50,59,674,630,376,476,285,143,16020
"Carbondale-Marion, IL Metro Area",2373,1105,677,673,409,168,146,182,64,1454,970,423,571,756,242,16060
"Carlsbad-Artesia, NM Micro Area",115,227,168,212,264,17,16,0,7,467,285,86,635,337,220,16100
"Carroll, IA Micro Area",71,82,65,54,33,4,0,3,0,149,57,9,146,42,16,16140
"Carson City, NV Metro Area",401,415,230,42,261,282,0,12,12,245,230,210,135,160,256,16180
"Casper, WY Metro Area",177,241,82,257,301,138,0,0,0,398,155,150,382,311,286,16220
"Cedar City, UT Micro Area",439,230,221,355,56,122,101,0,0,444,352,161,313,343,157,16260
"Cedar Rapids, IA Metro Area",1892,1066,946,784,781,515,91,109,41,1685,983,624,1019,533,281,16300
"Cedartown, GA Micro Area",205,287,101,20,100,35,0,54,0,135,76,43,35,5,12,16340
"Celina, OH Micro Area",121,140,57,85,62,50,0,22,0,265,187,72,26,43,182,16380
"Central City, KY Micro Area",77,52,67,83,9,0,0,0,0,134,91,135,48,0,13,16420
"Centralia, IL Micro Area",138,178,216,25,72,26,23,8,0,512,261,86,96,108,22,16460
"Centralia, WA Micro Area",624,329,248,195,205,163,18,0,30,328,358,343,207,14,105,16500
"Chambersburg-Waynesboro, PA Metro Area",312,291,343,315,373,177,3,7,11,451,463,250,451,338,253,16540
"Champaign-Urbana, IL Metro Area",3956,791,563,1516,1124,731,1049,291,246,1825,1446,678,2131,1706,831,16580
"Charleston, WV Metro Area",883,808,631,372,549,255,69,19,18,882,701,537,539,591,472,16620
"Charleston-Mattoon, IL Micro Area",1502,267,131,253,55,100,19,0,0,477,244,244,207,87,63,16660
"Charleston-North Charleston, SC Metro Area",5072,5004,2527,4637,3999,3130,494,546,320,4420,4598,2647,5351,4609,2875,16700
"Charlotte-Concord-Gastonia, NC-SC Metro Area",10374,11450,7067,9197,12241,9387,1552,1971,1439,12781,10563,7939,6932,9638,7627,16740
"Charlottesville, VA Metro Area",2954,1900,1080,1068,1261,1256,316,312,241,2798,2082,1860,1264,1412,846,16820
"Chattanooga, TN-GA Metro Area",2460,2092,1183,2363,2573,2044,109,254,147,2740,2150,646,2034,2141,1497,16860
"Cheyenne, WY Metro Area",456,308,84,731,647,438,44,43,17,212,129,69,544,570,457,16940
"Chicago-Naperville-Elgin, IL-IN-WI Metro Area",26787,31063,21653,29894,28903,16659,6084,7300,6077,32259,31702,22459,35862,33302,23522,16980
"Cincinnati, OH-KY-IN Metro Area",13504,12498,7540,7404,8752,5425,1374,1225,739,12537,12028,7606,7628,7466,5640,17140
"Clarksburg, WV Micro Area",419,586,242,70,120,153,0,23,0,551,462,407,260,276,144,17220
"Clarksdale, MS Micro Area",98,94,17,14,50,17,0,0,0,16,233,76,0,309,74,17260
"Clarksville, TN-KY Metro Area",944,692,1078,4809,3755,3123,678,374,236,1218,910,682,3716,4344,2672,17300
"Clearlake, CA Micro Area",588,407,208,162,115,90,78,0,1,319,414,147,40,63,128,17340
"Cleveland, MS Micro Area",145,38,28,39,0,14,0,0,0,218,88,46,48,16,147,17380
"Cleveland, TN Metro Area",894,562,152,593,143,217,4,1,19,849,750,488,426,296,199,17420
"Cleveland-Elyria, OH Metro Area",7480,7746,5075,4659,4422,3267,970,1039,778,8952,7212,5351,5029,4305,2929,17460
"Clewiston, FL Micro Area",28,161,129,24,24,0,195,93,68,105,158,83,36,17,25,17500
"Clinton, IA Micro Area",145,98,141,184,155,66,0,2,54,496,83,93,78,149,48,17540
"Clovis, NM Micro Area",275,170,94,482,390,288,133,29,105,227,115,257,291,531,385,17580
"Coamo, PR Micro Area",,,,,,,,,,,,,,,,17620
"Coco, PR Micro Area",,,,,,,,,,,,,,,,17640
"Coeur d'Alene, ID Metro Area",338,334,112,954,1087,502,8,24,27,364,340,209,718,560,566,17660
"Coffeyville, KS Micro Area",99,82,62,104,106,131,12,0,0,207,145,67,156,82,140,17700
"Coldwater, MI Micro Area",222,142,163,81,112,22,0,0,6,153,118,257,116,32,9,17740
"College Station-Bryan, TX Metro Area",5673,1902,1083,1375,1167,503,883,428,364,6603,3105,1097,1063,1175,943,17780
"Colorado Springs, CO Metro Area",2440,2545,2070,7472,8025,5342,1891,998,628,2676,2391,2154,6249,6210,5097,17820
"Columbia, MO Metro Area",2720,955,674,1091,708,510,457,238,164,2416,1745,613,1741,1135,701,17860
"Columbia, SC Metro Area",6452,4856,3180,6949,4190,2761,367,514,303,5132,4573,2422,3957,3693,2354,17900
"Columbus, GA-AL Metro Area",1891,2045,1016,3358,3441,2213,239,260,519,1777,1462,1238,2888,3279,1958,17980
"Columbus, IN Metro Area",483,438,250,421,120,102,114,314,81,789,498,168,328,218,247,18020
"Columbus, MS Micro Area",113,131,102,366,235,130,22,77,4,375,334,119,416,590,287,18060
"Columbus, NE Micro Area",343,125,137,87,134,38,0,7,14,244,70,258,40,80,46,18100
"Columbus, OH Metro Area",13861,12217,8352,4729,6195,4879,1494,1535,897,11775,10194,7348,6785,6230,4447,18140
"Concord, NH Micro Area",1087,1064,629,913,664,447,140,34,62,881,917,857,712,364,295,18180
"Connersville, IN Micro Area",46,149,21,12,60,7,0,0,0,100,92,48,86,0,0,18220
"Cookeville, TN Micro Area",1170,519,344,309,231,66,142,28,53,963,679,393,134,189,30,18260
"Coos Bay, OR Micro Area",337,145,54,391,304,309,1,1,7,224,287,286,181,125,87,18300
"Cordele, GA Micro Area",18,30,154,9,83,6,0,0,0,105,117,77,21,53,11,18380
"Corinth, MS Micro Area",71,39,97,69,9,81,0,0,23,79,98,199,102,38,50,18420
"Cornelia, GA Micro Area",235,168,313,21,107,65,110,0,80,269,161,239,0,51,35,18460
"Corning, NY Micro Area",377,295,222,157,162,84,18,25,34,344,272,409,300,240,384,18500
"Corpus Christi, TX Metro Area",1966,1660,1415,927,1052,574,49,116,73,2875,2549,1358,1017,1152,750,18580
"Corsicana, TX Micro Area",271,179,307,37,46,94,8,28,0,232,181,371,207,53,27,18620
"Cortland, NY Micro Area",465,238,142,137,97,32,9,0,6,245,296,165,42,16,54,18660
"Corvallis, OR Metro Area",2362,851,333,808,534,427,479,249,97,2116,1030,556,1163,941,363,18700
"Coshocton, OH Micro Area",207,91,145,17,34,8,0,3,0,277,130,87,59,8,0,18740
"Craig, CO Micro Area",100,98,84,124,74,54,0,137,9,39,90,41,54,91,142,18780
"Crawfordsville, IN Micro Area",287,150,176,18,40,84,2,0,17,433,147,42,133,61,13,18820
"Chico, CA Metro Area",2357,1124,1102,519,280,90,92,74,12,2534,1791,688,454,456,296,17020
"Chillicothe, OH Micro Area",596,472,395,62,7,71,0,26,5,516,659,177,63,40,19,17060
"Crescent City, CA Micro Area",226,269,206,43,65,65,0,0,0,170,255,402,15,27,35,18860
"Crestview-Fort Walton Beach-Destin, FL Metro Area",1365,1731,924,2680,2066,1100,383,310,492,1736,1355,1090,1580,2125,1844,18880
"Crossville, TN Micro Area",146,175,43,174,121,39,21,0,0,175,165,189,0,18,15,18900
"Cullman, AL Micro Area",325,147,262,85,165,91,0,12,38,484,235,285,132,177,9,18980
"Cullowhee, NC Micro Area",985,313,312,216,159,206,36,0,62,349,227,208,220,223,126,19000
"Cumberland, MD-WV Metro Area",433,406,231,491,293,161,0,36,0,582,489,254,274,432,196,19060
"Dallas-Fort Worth-Arlington, TX Metro Area",42548,46729,31835,17526,22135,17709,5917,7710,5857,41892,45896,32851,16037,17235,11535,19100
"Dalton, GA Metro Area",326,360,189,210,176,300,40,0,11,680,411,488,295,232,96,19140
"Danville, IL Metro Area",146,100,65,35,124,30,0,11,32,298,275,184,264,163,84,19180
"Danville, KY Micro Area",559,348,293,140,46,18,70,9,0,333,296,234,169,26,43,19220
"Danville, VA Micro Area",385,325,284,322,221,151,11,9,18,623,380,258,209,208,316,19260
"Daphne-Fairhope-Foley, AL Metro Area",772,354,468,605,482,492,100,27,126,476,383,296,448,637,553,19300
"Davenport-Moline-Rock Island, IA-IL Metro Area",1399,690,640,1290,1097,717,139,84,113,1639,999,568,1547,1287,1297,19340
"Dayton, TN Micro Area",180,217,50,55,56,32,8,25,0,180,218,80,76,126,64,19420
"Dayton-Kettering, OH Metro Area",5074,3801,2865,2430,2316,1299,403,1014,516,5590,4538,2951,2586,2054,1556,19430
"Decatur, AL Metro Area",849,827,282,82,301,103,0,0,4,986,570,219,270,208,48,19460
"Decatur, IL Metro Area",391,466,226,220,225,82,43,16,20,355,291,283,400,137,179,19500
"Decatur, IN Micro Area",95,51,40,36,129,9,6,0,0,326,392,223,60,109,53,19540
"Defiance, OH Micro Area",192,108,53,49,88,52,0,0,0,274,158,147,83,44,90,19580
"Del Rio, TX Micro Area",100,161,63,469,211,115,141,250,222,137,326,64,73,267,244,19620
"Deltona-Daytona Beach-Ormond Beach, FL Metro Area",2722,2182,1387,1223,1370,1252,265,391,231,2276,1507,1291,1950,1274,738,19660
"Deming, NM Micro Area",23,63,28,36,0,41,28,37,13,155,196,32,135,76,50,19700
"Denver-Aurora-Lakewood, CO Metro Area",22675,30369,22914,14837,21679,13658,2062,2422,1765,22376,30269,23698,11338,12631,9824,19740
"DeRidder, LA Micro Area",206,214,114,185,84,195,0,0,74,173,221,51,91,170,26,19760
"Des Moines-West Des Moines, IA Metro Area",5552,4586,2790,2011,2168,1702,185,201,111,4532,3887,2383,1937,2023,1401,19780
"Detroit-Warren-Dearborn, MI Metro Area",17354,21929,11549,6277,7609,5525,2000,2745,2512,23506,20018,11700,8635,6912,5543,19820
"Dickinson, ND Micro Area",22,112,133,295,313,103,150,41,16,160,136,100,192,207,160,19860
"Dixon, IL Micro Area",274,329,273,18,10,72,0,0,8,415,203,133,66,20,68,19940
"Dodge City, KS Micro Area",363,187,128,66,126,54,27,7,12,279,102,20,24,47,116,19980
"Dothan, AL Metro Area",407,369,310,298,410,250,42,32,28,676,633,502,788,540,175,20020
"Douglas, GA Micro Area",66,248,76,25,14,66,0,0,14,575,358,192,21,95,10,20060
"Dover, DE Metro Area",531,1032,114,1053,903,373,119,66,34,528,655,456,1215,695,461,20100
"Dublin, GA Micro Area",280,309,158,0,36,74,0,11,13,554,395,238,282,154,66,20140
"DuBois, PA Micro Area",391,452,350,15,42,64,0,0,0,378,250,225,129,34,35,20180
"Dubuque, IA Metro Area",390,205,132,432,302,261,22,5,28,463,384,80,332,457,269,20220
"Duluth, MN-WI Metro Area",2268,1267,432,1330,635,606,122,17,50,2005,1223,532,1101,941,1037,20260
"Dumas, TX Micro Area",41,9,48,0,0,0,28,9,0,242,290,128,52,76,60,20300
"Duncan, OK Micro Area",57,113,67,81,51,105,3,4,0,163,291,112,180,34,59,20340
"Durango, CO Micro Area",270,74,124,400,431,88,44,31,0,289,171,47,313,491,201,20420
"Durant, OK Micro Area",249,138,123,284,172,147,0,6,12,136,125,119,328,302,122,20460
"Durham-Chapel Hill, NC Metro Area",6393,4557,2813,3582,4412,2427,1414,836,606,4659,5883,3189,2824,4100,2768,20500
"Dyersburg, TN Micro Area",141,49,152,27,103,3,0,0,0,165,110,110,42,44,88,20540
"Eagle Pass, TX Micro Area",185,260,212,1,1,98,41,51,114,376,233,67,8,5,20,20580
"Easton, MD Micro Area",49,86,95,155,71,31,0,0,0,181,189,135,196,47,34,20660
"East Stroudsburg, PA Metro Area",402,452,337,472,927,437,16,21,125,635,426,558,421,649,185,20700
"Eau Claire, WI Metro Area",2027,1574,766,712,443,418,149,20,0,1987,1497,636,826,383,212,20740
"Edwards, CO Micro Area",253,482,333,393,208,272,33,255,156,740,340,204,217,337,247,20780
"Effingham, IL Micro Area",195,104,163,93,116,39,0,0,30,253,156,95,119,43,95,20820
"El Campo, TX Micro Area",153,213,74,0,0,0,6,0,0,184,379,127,130,23,0,20900
"El Centro, CA Metro Area",335,342,305,85,294,155,136,152,170,657,515,848,230,317,201,20940
"El Dorado, AR Micro Area",105,61,90,9,108,30,0,0,7,199,67,84,122,75,59,20980
"Elizabeth City, NC Micro Area",305,324,158,70,225,218,6,15,0,185,565,208,45,134,147,21020
"Elizabethtown-Fort Knox, KY Metro Area",986,917,550,929,821,801,90,124,108,1158,914,359,555,419,387,21060
"Elk City, OK Micro Area",230,282,246,157,21,96,4,0,0,152,161,117,43,226,44,21120
"Elkhart-Goshen, IN Metro Area",608,814,663,407,655,200,40,132,107,854,921,420,604,608,376,21140
"Elkins, WV Micro Area",271,149,113,66,94,67,5,0,0,87,457,97,122,139,25,21180
"Elko, NV Micro Area",298,189,129,192,286,407,2,0,5,184,230,166,135,120,161,21220
"Ellensburg, WA Micro Area",2141,641,91,137,225,193,133,28,0,513,401,108,281,207,156,21260
"Elmira, NY Metro Area",412,271,112,101,312,43,125,0,0,456,812,367,244,409,261,21300
"El Paso, TX Metro Area",1625,1844,1709,2657,3778,2402,1604,1201,841,1856,1887,1408,3687,4794,2637,21340
"Emporia, KS Micro Area",536,112,123,104,13,6,43,13,0,355,228,154,107,54,9,21380
"Enid, OK Metro Area",167,308,137,185,403,157,18,38,391,235,183,182,235,526,118,21420
"Enterprise, AL Micro Area",198,232,216,235,491,213,37,32,19,287,165,281,268,390,297,21460
"Erie, PA Metro Area",1470,785,365,884,812,411,104,80,98,653,671,388,1021,990,781,21500
"Escanaba, MI Micro Area",79,89,92,21,53,24,0,2,0,225,93,65,56,110,0,21540
"Española, NM Micro Area",36,111,156,10,41,13,14,0,0,264,99,45,66,40,0,21580
"Eufaula, AL-GA Micro Area",119,141,129,14,40,48,6,0,13,45,153,141,56,26,22,21640
"Eugene-Springfield, OR Metro Area",2832,1044,865,2511,1825,1201,546,175,111,1794,1529,1077,1673,1810,1440,21660
"Eureka-Arcata, CA Micro Area",1446,668,411,370,461,155,50,27,29,773,681,231,269,587,399,21700
"Evanston, WY Micro Area",46,85,31,72,62,53,0,0,0,124,190,50,87,29,16,21740
"Evansville, IN-KY Metro Area",2344,1334,1102,842,894,767,159,68,249,1559,1058,896,691,910,353,21780
"Fairbanks, AK Metro Area",499,294,165,1795,718,790,94,309,309,141,322,184,1272,1602,1009,21820
"Fairfield, IA Micro Area",143,93,69,2,17,47,29,322,46,71,68,129,77,225,155,21840
"Fairmont, MN Micro Area",46,52,41,94,108,9,3,23,0,100,79,43,61,34,4,21860
"Fairmont, WV Micro Area",609,257,55,166,168,70,27,13,0,300,218,161,93,140,111,21900
"Fallon, NV Micro Area",84,70,18,273,215,45,18,0,0,296,266,84,151,59,202,21980
"Fargo, ND-MN Metro Area",1463,889,471,3694,2098,1249,154,164,265,1122,770,267,3362,3067,1797,22020
"Faribault-Northfield, MN Micro Area",498,415,175,202,203,102,134,43,51,493,430,305,341,120,82,22060
"Farmington, MO Micro Area",290,483,400,102,70,65,0,0,0,260,412,256,63,167,75,22100
"Farmington, NM Metro Area",179,194,12,359,316,202,16,0,13,405,202,345,413,598,266,22140
"Fayetteville, NC Metro Area",2673,3603,1996,6275,4311,2999,824,1094,590,2872,2969,2033,3943,6111,3414,22180
"Fayetteville-Springdale-Rogers, AR Metro Area",2643,2504,1452,1984,1688,1713,529,173,420,2745,2420,1268,2463,2185,1245,22220
"Fergus Falls, MN Micro Area",173,191,89,87,31,172,9,8,6,166,112,76,325,313,36,22260
"Fernley, NV Micro Area",220,169,265,153,99,242,6,80,0,353,430,129,140,155,114,22280
"Findlay, OH Micro Area",804,569,208,354,80,100,38,46,17,852,568,441,257,216,186,22300
"Fitzgerald, GA Micro Area",17,132,0,7,0,6,0,0,8,73,222,105,41,0,41,22340
"Flagstaff, AZ Metro Area",2091,737,357,1487,705,690,193,31,67,1749,1233,396,1127,1002,489,22380
"Flint, MI Metro Area",2184,1512,623,371,407,331,52,68,18,2230,1790,779,814,398,443,22420
"Florence, SC Metro Area",676,953,548,262,204,111,6,23,11,1047,693,499,361,348,368,22500
"Florence-Muscle Shoals, AL Metro Area",1099,736,297,577,221,240,62,81,16,925,577,247,213,248,172,22520
"Fond du Lac, WI Metro Area",884,457,255,147,98,82,25,10,67,861,587,272,100,90,71,22540
"Forest City, NC Micro Area",214,148,241,127,164,211,2,0,0,235,114,27,53,86,38,22580
"Forrest City, AR Micro Area",210,88,246,35,33,6,0,28,0,256,256,80,153,80,227,22620
"Fort Collins, CO Metro Area",3666,2252,1476,3786,2174,1234,296,266,80,3163,2873,1269,2028,2357,1498,22660
"Fort Dodge, IA Micro Area",270,226,133,67,101,130,2,0,7,241,107,166,127,41,42,22700
"Fort Leonard Wood, MO Micro Area",284,182,58,2492,1928,1209,73,271,107,133,143,74,1098,935,678,22780
"Fort Madison-Keokuk, IA-IL-MO Micro Area",121,66,90,186,185,84,0,0,0,224,114,40,344,119,44,22800
"Fort Morgan, CO Micro Area",324,149,141,40,35,237,14,0,28,196,241,109,21,1,47,22820
"Fort Payne, AL Micro Area",152,135,102,70,73,37,6,0,19,220,123,44,70,94,55,22840
"Fort Polk South, LA Micro Area",233,175,158,1099,846,460,123,78,104,127,316,64,902,933,835,22860
"Fort Smith, AR-OK Metro Area",1383,1118,574,501,741,636,0,63,26,1608,915,454,644,768,447,22900
"Fort Wayne, IN Metro Area",1712,1795,705,1306,1367,734,300,123,156,1927,1446,593,863,1239,695,23060
"Frankfort, IN Micro Area",214,137,151,77,28,10,0,7,0,191,337,93,64,42,0,23140
"Frankfort, KY Micro Area",574,631,340,283,122,38,51,121,103,841,386,369,191,155,55,23180
"Fredericksburg, TX Micro Area",165,65,19,62,0,8,25,61,50,174,321,33,0,7,20,23240
"Freeport, IL Micro Area",144,105,105,16,57,48,9,0,7,276,194,108,149,133,72,23300
"Fremont, NE Micro Area",307,139,123,72,64,74,0,15,0,353,196,128,211,38,3,23340
"Fremont, OH Micro Area",198,154,155,88,45,0,37,13,0,403,276,287,48,65,27,23380
"Fresno, CA Metro Area",2916,2802,2266,721,704,844,324,647,456,1976,2579,2211,1013,953,1016,23420
"Gadsden, AL Metro Area",349,377,200,69,110,113,19,18,0,554,268,114,174,234,200,23460
"Gaffney, SC Micro Area",306,196,35,109,109,38,19,0,5,195,132,98,69,115,30,23500
"Gainesville, FL Metro Area",5065,1751,1025,1402,1348,995,1213,437,121,3869,3366,1294,2143,1854,1207,23540
"Gainesville, GA Metro Area",1045,1117,626,680,344,370,5,22,37,867,963,777,342,199,121,23580
"Gainesville, TX Micro Area",463,353,31,62,60,99,0,77,0,111,78,102,20,26,0,23620
"Galesburg, IL Micro Area",315,196,111,70,15,37,50,0,0,232,196,162,153,146,54,23660
"Gallup, NM Micro Area",62,118,314,52,338,70,8,47,9,223,82,137,315,147,74,23700
"Garden City, KS Micro Area",153,85,62,143,29,167,12,0,0,501,351,273,137,62,117,23780
"Gardnerville Ranchos, NV Micro Area",118,335,137,226,183,291,3,5,4,189,147,179,176,266,169,23820
"Georgetown, SC Micro Area",239,160,339,77,338,76,104,0,0,167,202,177,74,54,48,23860
"Gettysburg, PA Metro Area",511,362,181,353,340,138,23,0,23,912,668,223,314,237,110,23900
"Gillette, WY Micro Area",233,182,112,332,201,151,2,0,77,344,108,121,343,382,192,23940
"Glasgow, KY Micro Area",340,162,197,55,46,30,0,11,12,376,203,120,100,74,85,23980
"Glens Falls, NY Metro Area",939,785,576,164,218,163,92,50,4,886,895,675,449,129,65,24020
"Glenwood Springs, CO Micro Area",500,621,342,391,267,220,90,98,86,408,559,409,342,376,327,24060
"Gloversville, NY Micro Area",157,197,197,127,51,2,0,0,0,238,341,117,417,44,7,24100
"Goldsboro, NC Metro Area",354,475,398,694,235,275,68,52,134,662,596,313,342,539,452,24140
"Granbury, TX Micro Area",334,418,342,284,77,108,0,0,0,319,226,72,103,77,76,24180
"Grand Forks, ND-MN Metro Area",797,415,121,1479,625,482,87,157,19,581,685,248,1063,827,478,24220
"Grand Island, NE Metro Area",518,352,111,149,88,53,26,24,74,659,448,311,302,227,143,24260
"Grand Junction, CO Metro Area",918,561,263,438,575,293,45,3,23,880,426,198,808,632,366,24300
"Grand Rapids, MN Micro Area",160,154,113,27,18,35,0,1,0,321,165,170,257,125,15,24330
"Grand Rapids-Kentwood, MI Metro Area",10384,6640,3758,2245,2522,1640,370,446,231,9706,6482,3714,2790,2046,1281,24340
"Grants, NM Micro Area",137,243,160,44,5,161,8,77,3,87,41,124,59,24,21,24380
"Grants Pass, OR Metro Area",200,143,196,463,433,238,0,2,0,422,259,328,192,354,92,24420
"Great Bend, KS Micro Area",189,91,28,38,44,0,0,32,0,242,330,92,76,154,118,24460
"Great Falls, MT Metro Area",359,372,148,811,470,304,79,74,8,191,268,272,565,621,431,24500
"Greeley, CO Metro Area",1606,2942,2088,766,968,947,124,119,87,1929,1323,815,1049,845,594,24540
"Green Bay, WI Metro Area",2117,1252,930,686,649,399,209,85,58,1960,1508,854,517,424,349,24580
"Greeneville, TN Micro Area",53,178,102,146,121,123,1,15,2,97,184,152,59,97,110,24620
"Greensboro-High Point, NC Metro Area",4522,3349,1886,2528,2106,1307,381,179,285,3821,3407,2418,1596,1536,1632,24660
"Greensburg, IN Micro Area",166,122,201,5,2,0,0,0,0,197,225,50,17,69,0,24700
"Greenville, MS Micro Area",47,60,32,53,83,131,2,0,0,58,117,56,223,69,191,24740
"Greenville, NC Metro Area",3710,1015,479,854,921,435,239,34,52,1303,1045,507,836,790,337,24780
"Greenville, OH Micro Area",273,114,102,111,105,44,0,0,6,187,57,118,74,137,38,24820
"Greenville-Anderson, SC Metro Area",6399,4396,2367,3395,2983,1991,581,620,606,6115,5111,3171,2811,2301,1621,24860
"Greenwood, MS Micro Area",50,40,66,25,15,6,0,0,0,207,100,128,215,92,47,24900
"Greenwood, SC Micro Area",366,161,149,67,108,187,0,0,0,485,133,154,27,95,63,24940
"Grenada, MS Micro Area",27,133,63,5,32,8,0,0,0,12,114,52,7,23,136,24980
"Guayama, PR Metro Area",,,,,,,,,,,,,,,,25020
"Gulfport-Biloxi, MS Metro Area",1787,2754,835,2508,1730,1349,255,188,58,1997,1924,1122,2601,2019,1293,25060
"Guymon, OK Micro Area",37,16,11,144,46,35,0,60,14,90,20,0,306,58,70,25100
"Hagerstown-Martinsburg, MD-WV Metro Area",1121,1239,799,1041,1324,631,132,49,138,807,888,379,1110,1357,708,25180
"Hailey, ID Micro Area",46,80,4,260,70,49,76,0,0,51,7,62,49,109,71,25200
"Hammond, LA Metro Area",849,734,328,95,246,32,7,7,37,509,476,626,371,166,196,25220
"Hanford-Corcoran, CA Metro Area",1125,1200,1070,478,577,207,10,94,78,764,1200,832,377,433,334,25260
"Hannibal, MO Micro Area",242,339,119,93,82,47,0,0,11,304,282,154,115,48,68,25300
"Harrisburg-Carlisle, PA Metro Area",4227,3831,2450,1334,1572,1432,209,269,169,3612,3313,2247,2437,1545,1902,25420
"Harrison, AR Micro Area",251,179,69,170,62,26,0,0,13,222,169,44,0,69,32,25460
"Harrisonburg, VA Metro Area",2784,1390,635,1038,353,286,183,67,50,2146,1405,585,594,306,307,25500
"Hartford-East Hartford-Middletown, CT Metro Area",6241,4825,2711,4971,3732,2033,1276,1230,736,4788,4117,2382,4871,4741,3276,25540
"Hastings, NE Micro Area",160,93,64,37,93,12,3,0,0,273,482,88,50,34,46,25580
"Hattiesburg, MS Metro Area",2626,1051,814,865,816,196,100,103,11,2178,1024,883,482,425,494,25620
"Hays, KS Micro Area",431,77,26,148,104,107,23,0,5,373,197,73,261,120,97,25700
"Heber, UT Micro Area",698,459,231,225,447,140,128,59,49,999,429,180,348,288,240,25720
"Helena, MT Micro Area",339,469,148,262,332,164,51,19,19,423,283,232,324,130,155,25740
"Helena-West Helena, AR Micro Area",46,44,9,13,0,0,0,0,0,180,13,36,0,54,66,25760
"Henderson, NC Micro Area",173,243,45,20,12,0,42,49,21,223,358,128,75,63,32,25780
"Hereford, TX Micro Area",38,117,16,0,9,34,0,0,0,236,257,99,19,66,5,25820
"Hermiston-Pendleton, OR Micro Area",432,362,345,388,209,381,113,80,7,333,354,189,185,177,34,25840
"Hickory-Lenoir-Morganton, NC Metro Area",1604,1947,1169,340,724,477,143,26,80,2482,1932,996,438,475,191,25860
"Hillsdale, MI Micro Area",158,222,219,108,119,26,2,71,4,303,203,171,253,99,10,25880
"Hilo, HI Micro Area",259,226,121,546,666,535,162,228,122,347,579,325,628,854,526,25900
"Hilton Head Island-Bluffton, SC Metro Area",543,513,713,1588,983,602,227,86,81,561,483,463,1551,1302,801,25940
"Hinesville, GA Metro Area",862,814,315,1716,802,531,356,337,108,1371,599,283,775,971,603,25980
"Hobbs, NM Micro Area",142,223,114,443,237,114,4,0,36,214,303,84,239,305,291,26020
"Holland, MI Micro Area",590,694,532,103,179,84,14,10,31,1310,687,604,237,30,121,26090
"Homosassa Springs, FL Metro Area",523,384,338,179,263,193,15,18,98,553,757,260,212,118,145,26140
"Hood River, OR Micro Area",26,69,40,72,83,137,33,71,0,195,178,97,169,146,110,26220
"Hope, AR Micro Area",117,72,217,280,22,64,0,0,13,218,136,6,3,48,22,26260
"Hot Springs, AR Metro Area",465,422,225,169,239,87,0,20,24,412,349,293,68,81,100,26300
"Houghton, MI Micro Area",760,119,65,294,43,13,136,27,19,475,156,26,453,140,29,26340
"Houma-Thibodaux, LA Metro Area",893,1514,767,159,271,193,30,113,183,1062,1568,501,346,213,283,26380
"Houston-The Woodlands-Sugar Land, TX Metro Area",26665,31719,22587,12041,17047,13369,4845,6915,6772,27635,29233,22408,10749,12715,8656,26420
"Hudson, NY Micro Area",171,314,219,94,146,21,24,77,23,328,253,145,171,36,59,26460
"Huntingdon, PA Micro Area",250,340,216,80,24,56,18,0,0,229,119,193,262,12,0,26500
"Huntington, IN Micro Area",180,260,109,111,20,3,10,0,0,367,213,38,80,40,17,26540
"Huntington-Ashland, WV-KY-OH Metro Area",1430,1346,743,939,827,640,56,63,58,1646,1338,1018,1070,1226,603,26580
"Huntsville, AL Metro Area",2352,2176,1472,1966,1390,1527,198,374,103,1883,1436,1049,1912,1836,798,26620
"Huntsville, TX Micro Area",1420,329,505,139,135,123,103,0,49,1514,1379,856,96,72,19,26660
"Huron, SD Micro Area",252,25,68,7,72,120,1,0,33,129,24,50,129,85,15,26700
"Hutchinson, KS Micro Area",611,403,166,192,190,67,43,12,56,362,305,170,148,138,27,26740
"Hutchinson, MN Micro Area",227,79,255,4,40,17,19,0,0,385,230,146,166,69,42,26780
"Idaho Falls, ID Metro Area",845,1062,458,612,592,412,180,32,40,982,693,368,783,412,222,26820
"Indiana, PA Micro Area",2958,370,143,273,89,109,114,112,4,573,382,256,89,98,95,26860
"Indianapolis-Carmel-Anderson, IN Metro Area",13718,14660,8679,5756,6285,4311,1219,1107,1037,14114,13098,9055,6489,6306,3869,26900
"Indianola, MS Micro Area",331,157,227,48,26,9,6,0,0,202,235,241,135,11,52,26940
"Iowa City, IA Metro Area",2533,1670,638,1832,1272,909,295,266,303,1666,1018,837,1399,1813,847,26980
"Iron Mountain, MI-WI Micro Area",164,36,28,41,46,99,0,0,0,137,58,12,13,46,20,27020
"Ithaca, NY Metro Area",1830,228,542,1975,627,444,707,345,142,1293,756,242,1325,1614,639,27060
"Jackson, MI Metro Area",760,960,850,206,229,203,14,41,21,1011,666,695,257,324,62,27100
"Jackson, MS Metro Area",3529,3219,2484,1561,2035,960,174,146,69,2796,3284,2033,1778,1903,1441,27140
"Jackson, OH Micro Area",113,99,118,0,23,31,0,10,14,114,117,109,61,253,0,27160
"Jackson, TN Metro Area",1175,606,651,312,375,208,56,14,0,1149,819,570,357,479,53,27180
"Jackson, WY-ID Micro Area",213,99,69,725,520,236,140,51,0,112,130,2,372,343,207,27220
"Jacksonville, FL Metro Area",6099,7330,4676,4901,6412,4913,660,1261,1544,5210,7279,4712,4387,6344,3292,27260
"Jacksonville, IL Micro Area",346,210,254,156,9,4,8,0,0,214,185,159,161,181,89,27300
"Jacksonville, NC Metro Area",1265,676,1290,8005,2303,1163,1018,528,169,1413,1152,510,5201,2740,1848,27340
"Jacksonville, TX Micro Area",282,639,446,3,27,16,10,15,0,248,177,108,87,92,5,27380
"Jamestown, ND Micro Area",227,129,120,212,146,40,50,3,27,161,69,48,119,65,46,27420
"Jamestown-Dunkirk-Fredonia, NY Micro Area",641,447,334,131,490,194,7,0,47,665,306,237,451,174,128,27460
"Janesville-Beloit, WI Metro Area",485,372,271,482,359,253,43,12,20,619,489,273,447,304,174,27500
"Jasper, AL Micro Area",287,497,147,51,45,16,0,19,0,302,354,361,85,68,8,27530
"Jasper, IN Micro Area",406,143,407,0,24,23,0,0,0,714,170,70,124,158,110,27540
"Jayuya, PR Micro Area",,,,,,,,,,,,,,,,27580
"Jefferson, GA Micro Area",236,646,413,75,49,11,50,0,16,324,358,254,89,120,47,27600
"Jefferson City, MO Metro Area",1187,1231,905,377,138,234,0,9,88,1065,935,795,670,316,150,27620
"Jennings, LA Micro Area",71,259,100,0,63,4,7,0,0,206,69,62,0,14,41,27660
"Jesup, GA Micro Area",142,108,96,0,143,2,5,1,0,137,73,105,70,104,72,27700
"Johnson City, TN Metro Area",1717,1076,633,818,641,704,80,224,98,1491,1557,755,543,977,610,27740
"Johnstown, PA Metro Area",574,446,264,198,170,243,60,31,38,1186,505,288,84,128,48,27780
"Jonesboro, AR Metro Area",1063,705,798,318,411,368,96,96,0,955,1075,707,431,431,198,27860
"Joplin, MO Metro Area",949,868,311,711,847,509,0,84,27,1391,735,477,616,411,736,27900
"Juneau, AK Micro Area",151,49,75,105,214,149,114,1,83,92,71,187,228,245,198,27940
"Kahului-Wailuku-Lahaina, HI Metro Area",278,367,385,620,567,577,0,105,162,137,67,103,734,261,570,27980
"Kalamazoo-Portage, MI Metro Area",4671,1095,728,1288,876,461,661,254,121,2113,1633,848,1070,1071,488,28020
"Kalispell, MT Micro Area",163,545,179,492,395,495,5,16,18,566,475,158,300,443,286,28060
"Kankakee, IL Metro Area",477,286,133,277,101,38,26,25,22,792,444,329,276,148,159,28100
"Kansas City, MO-KS Metro Area",12000,10346,6486,10064,13774,8527,848,770,948,11141,8953,6206,9181,12250,8014,28140
"Kapaa, HI Micro Area",105,122,41,210,238,59,145,88,33,158,190,194,165,151,276,28180
"Kearney, NE Micro Area",714,354,127,94,27,85,24,14,20,832,300,166,255,28,112,28260
"Keene, NH Micro Area",239,241,197,386,300,260,27,0,6,141,304,205,421,310,410,28300
"Kendallville, IN Micro Area",342,517,170,150,32,23,0,0,8,333,285,135,12,6,65,28340
"Kennett, MO Micro Area",76,123,11,96,61,29,0,27,0,144,196,110,125,53,67,28380
"Kennewick-Richland, WA Metro Area",1373,1708,1302,1262,801,675,86,204,22,1558,1609,1052,748,577,631,28420
"Kerrville, TX Micro Area",345,297,227,91,172,70,0,0,0,234,160,147,8,38,53,28500
"Ketchikan, AK Micro Area",59,13,49,72,129,34,0,15,9,4,9,31,262,150,69,28540
"Key West, FL Micro Area",165,309,101,506,440,206,76,179,132,134,321,329,225,263,319,28580
"Kill Devil Hills, NC Micro Area",73,168,15,78,47,99,32,29,27,124,203,123,113,195,62,28620
"Killeen-Temple, TX Metro Area",3070,2840,2114,4582,4032,2333,1064,1449,626,3880,3073,1867,2801,3161,2242,28660
"Kingsport-Bristol, TN-VA Metro Area",926,1283,939,633,674,713,88,44,13,1524,1259,719,1059,619,640,28700
"Kingston, NY Metro Area",671,900,560,154,267,259,139,70,66,1080,1133,447,240,224,122,28740
"Kingsville, TX Micro Area",447,338,147,57,44,46,127,0,16,410,464,186,104,250,55,28780
"Kinston, NC Micro Area",183,166,129,248,146,42,0,0,0,584,239,229,8,0,0,28820
"Kirksville, MO Micro Area",739,98,1,193,21,59,67,0,0,507,311,122,189,65,48,28860
"Klamath Falls, OR Micro Area",503,344,142,235,240,315,0,27,21,353,277,113,414,245,172,28900
"Knoxville, TN Metro Area",5313,3809,2677,3182,3267,2583,181,338,208,4602,4366,2540,2419,2701,2025,28940
"Kokomo, IN Metro Area",533,539,390,111,130,43,0,0,13,656,305,290,86,284,57,29020
"Laconia, NH Micro Area",249,248,154,115,64,170,0,0,0,237,322,176,413,163,28,29060
"La Crosse-Onalaska, WI-MN Metro Area",1727,433,291,613,528,346,10,11,3,1071,564,363,749,938,241,29100
"Lafayette, LA Metro Area",2397,2376,1749,715,805,266,56,92,75,2637,2612,1592,948,1277,850,29180
"Lafayette-West Lafayette, IN Metro Area",4036,919,374,2280,647,355,1405,536,326,2376,1290,531,1714,1396,570,29200
"La Grande, OR Micro Area",236,130,76,84,98,58,8,0,6,157,67,47,175,508,44,29260
"LaGrange, GA-AL Micro Area",466,540,280,291,182,148,32,41,37,669,508,134,257,160,109,29300
"Lake Charles, LA Metro Area",759,496,324,276,214,194,95,0,7,485,502,786,438,393,349,29340
"Lake City, FL Micro Area",1014,465,425,97,22,357,1,0,2,284,628,378,78,144,31,29380
"Lake Havasu City-Kingman, AZ Metro Area",679,384,334,756,1120,918,85,94,34,452,540,283,639,438,441,29420
"Lakeland-Winter Haven, FL Metro Area",2919,3181,1911,1684,2097,1726,308,499,455,2968,2713,2205,1510,1412,809,29460
"Lamesa, TX Micro Area",496,72,68,1,25,0,0,0,52,154,149,167,11,0,0,29500
"Lancaster, PA Metro Area",2596,1931,1102,1341,941,785,287,152,81,2232,1813,1272,1713,769,952,29540
"Lansing-East Lansing, MI Metro Area",10105,4736,2365,1516,1498,970,489,408,287,7728,5647,2286,2109,1685,781,29620
"Laramie, WY Micro Area",889,356,55,1174,320,161,150,36,0,698,490,209,894,521,519,29660
"Laredo, TX Metro Area",208,308,204,50,176,146,475,553,458,1045,921,567,224,205,61,29700
"Las Cruces, NM Metro Area",1502,894,393,1530,864,443,309,123,141,388,610,235,1174,926,660,29740
"Las Vegas, NM Micro Area",62,157,95,81,29,37,0,16,0,139,107,35,64,117,90,29780
"Las Vegas-Henderson-Paradise, NV Metro Area",762,1083,460,8903,11419,9677,1209,1522,1036,1250,895,635,5793,7807,6785,29820
"Laurel, MS Micro Area",361,246,156,85,17,58,0,0,0,564,300,171,43,145,37,29860
"Laurinburg, NC Micro Area",211,166,112,52,104,85,42,0,0,226,191,123,158,83,11,29900
"Lawrence, KS Metro Area",2035,843,417,1678,483,403,423,83,18,1651,615,364,1963,1232,341,29940
"Lawrenceburg, TN Micro Area",35,147,96,145,34,97,0,0,0,77,254,85,90,58,48,29980
"Lawton, OK Metro Area",620,576,532,2846,1534,824,177,327,334,688,983,493,1236,1513,1103,30020
"Lebanon, MO Micro Area",131,132,54,30,23,4,0,0,0,116,77,41,174,171,32,30060
"Lebanon, NH-VT Micro Area",878,675,495,1126,1360,776,89,57,146,1143,938,514,1281,1204,889,30100
"Lebanon, PA Metro Area",602,610,561,200,182,66,62,49,115,977,790,618,222,123,282,30140
"Levelland, TX Micro Area",100,112,114,14,19,21,25,0,26,252,182,25,76,24,0,30220
"Lewisburg, PA Micro Area",519,202,291,378,296,335,47,0,0,161,106,263,154,146,43,30260
"Lewisburg, TN Micro Area",170,125,129,29,27,4,7,0,0,70,200,83,9,17,43,30280
"Lewiston, ID-WA Metro Area",244,161,73,529,235,262,145,3,0,174,165,89,800,464,395,30300
"Lewiston-Auburn, ME Metro Area",590,542,267,375,355,84,103,3,8,445,1080,181,313,185,86,30340
"Lewistown, PA Micro Area",182,153,73,14,67,7,8,3,0,213,229,81,33,74,11,30380
"Lexington, NE Micro Area",224,75,57,141,112,47,29,3,0,236,175,78,112,35,47,30420
"Lexington-Fayette, KY Metro Area",4741,2693,1829,2880,2436,1117,431,352,321,3303,2795,2232,2050,2356,1344,30460
"Liberal, KS Micro Area",110,178,0,114,103,34,15,0,0,49,49,35,70,198,0,30580
"Lima, OH Metro Area",526,497,185,476,131,125,6,31,18,610,355,392,333,178,128,30620
"Lincoln, IL Micro Area",303,264,266,41,74,25,0,4,0,211,104,90,11,11,0,30660
"Lincoln, NE Metro Area",3145,1463,993,1997,1392,1001,481,248,121,1933,1094,632,1653,1452,876,30700
"Little Rock-North Little Rock-Conway, AR Metro Area",5125,3588,1971,2123,1596,1471,266,409,318,4411,3904,2470,2423,2641,1973,30780
"Lock Haven, PA Micro Area",725,103,86,48,75,10,0,4,4,160,96,80,35,42,60,30820
"Logan, UT-ID Metro Area",1672,595,373,1205,559,326,559,129,30,1737,1220,356,782,768,366,30860
"Logansport, IN Micro Area",117,123,85,18,35,0,0,9,0,214,76,146,21,26,0,30900
"London, KY Micro Area",603,699,594,269,157,191,0,0,0,794,819,378,146,133,87,30940
"Longview, TX Metro Area",2184,2179,1675,353,235,219,3,58,17,1602,2357,1449,891,392,173,30980
"Longview, WA Metro Area",537,301,260,302,487,203,5,16,0,687,420,189,329,243,230,31020
"Los Alamos, NM Micro Area",198,39,47,129,275,38,0,83,20,20,175,46,247,100,478,31060
"Los Angeles-Long Beach-Anaheim, CA Metro Area",28982,30338,21262,21519,26280,15910,10267,11293,9392,34681,38582,28901,25170,28511,23677,31080
"Louisville/Jefferson County, KY-IN Metro Area",4600,5063,2547,3905,3959,2507,265,541,378,4857,4589,3057,3616,3412,3524,31140
"Lubbock, TX Metro Area",5449,2513,1477,1084,700,505,708,170,266,3335,1954,1183,1502,644,596,31180
"Ludington, MI Micro Area",84,75,112,28,51,50,4,0,19,156,123,33,76,71,0,31220
"Lufkin, TX Micro Area",598,593,290,46,178,79,15,46,0,381,630,360,27,27,13,31260
"Lumberton, NC Micro Area",383,209,105,41,73,81,31,62,5,231,733,250,135,214,44,31300
"Lynchburg, VA Metro Area",2662,2034,1157,2184,983,374,142,12,23,2247,1721,1102,1190,1188,285,31340
"Macomb, IL Micro Area",769,50,7,299,68,150,10,4,0,466,304,26,119,132,61,31380
"Macon-Bibb County, GA Metro Area",2066,1257,1179,395,321,388,61,51,54,712,1360,952,709,873,156,31420
"Madera, CA Metro Area",903,1122,1081,97,247,95,22,40,8,1320,958,783,107,253,85,31460
"Madison, IN Micro Area",105,143,175,108,88,21,15,0,0,186,122,132,99,29,52,31500
"Madison, WI Metro Area",4250,2867,1322,5314,2987,2362,1125,651,385,4140,3130,1455,4358,4110,2141,31540
"Madisonville, KY Micro Area",239,169,73,10,0,50,0,0,0,250,138,73,92,201,117,31580
"Magnolia, AR Micro Area",233,195,49,143,130,60,0,6,0,57,86,40,14,115,106,31620
"Malone, NY Micro Area",528,648,561,169,94,51,114,38,32,324,379,249,66,94,10,31660
"Malvern, AR Micro Area",183,249,260,7,14,25,0,0,0,214,156,103,53,57,32,31680
"Manchester-Nashua, NH Metro Area",1133,1737,1067,2654,3258,1881,364,487,570,1322,1165,936,2323,1838,1328,31700
"Manhattan, KS Metro Area",3050,893,475,1909,1299,938,499,375,327,2164,1349,569,2724,2312,1197,31740
"Manitowoc, WI Micro Area",276,178,108,114,84,33,5,69,11,641,365,138,125,120,33,31820
"Mankato, MN Metro Area",1630,1026,479,375,237,196,128,15,15,1635,1500,560,533,292,134,31860
"Mansfield, OH Metro Area",1060,693,583,363,130,76,0,53,1,1062,787,548,47,167,76,31900
"Marietta, OH Micro Area",177,130,89,186,298,80,22,26,9,336,122,48,104,145,54,31930
"Marinette, WI-MI Micro Area",201,96,74,250,213,45,73,0,8,300,63,94,193,85,117,31940
"Marion, IN Micro Area",432,188,64,362,34,28,21,7,16,512,241,163,169,168,142,31980
"Marion, NC Micro Area",189,284,105,17,72,0,0,45,8,48,143,78,25,49,0,32000
"Marion, OH Micro Area",310,572,425,104,15,70,0,0,0,297,356,296,24,53,12,32020
"Marquette, MI Micro Area",712,288,206,335,80,74,46,42,2,471,318,208,350,38,135,32100
"Marshall, MN Micro Area",221,33,103,115,85,15,35,7,0,152,134,126,166,93,44,32140
"Marshall, MO Micro Area",159,107,51,65,11,90,30,0,0,69,67,111,100,0,0,32180
"Marshalltown, IA Micro Area",212,166,133,75,69,26,29,4,62,365,221,137,13,45,62,32260
"Martin, TN Micro Area",468,163,106,131,67,34,18,8,0,519,137,213,123,70,6,32280
"Martinsville, VA Micro Area",208,359,168,88,49,30,0,0,33,426,278,230,101,113,82,32300
"Maryville, MO Micro Area",342,175,105,229,72,23,27,14,7,312,335,19,395,71,31,32340
"Mason City, IA Micro Area",282,198,149,150,118,72,54,31,34,325,177,149,110,0,81,32380
"Mayagüez, PR Metro Area",,,,,,,,,,,,,,,,32420
"Mayfield, KY Micro Area",153,167,1,64,31,38,0,0,64,42,11,171,44,58,72,32460
"McAlester, OK Micro Area",233,269,254,127,146,91,0,1,3,247,325,187,62,184,106,32540
"McAllen-Edinburg-Mission, TX Metro Area",1775,1621,1034,461,441,249,383,845,602,2567,1792,1423,1180,743,583,32580
"McComb, MS Micro Area",204,146,43,13,28,4,0,0,0,205,133,5,31,44,47,32620
"McMinnville, TN Micro Area",155,108,139,0,52,22,8,0,0,392,83,104,89,27,2,32660
"McPherson, KS Micro Area",110,197,60,174,70,96,0,50,8,247,180,55,174,70,6,32700
"Meadville, PA Micro Area",273,214,192,75,123,86,0,10,0,401,307,140,377,212,60,32740
"Medford, OR Metro Area",663,672,374,1093,934,429,78,24,77,708,742,396,558,764,574,32780
"Memphis, TN-MS-AR Metro Area",2529,3493,1774,4749,4609,3322,449,236,223,3851,2396,1233,4565,4652,3566,32820
"Menomonie, WI Micro Area",1383,285,140,673,65,109,0,0,5,628,318,69,348,146,40,32860
"Merced, CA Metro Area",1209,1196,887,363,368,272,145,226,68,1540,1269,781,339,363,279,32900
"Meridian, MS Micro Area",481,418,265,423,401,451,9,184,21,587,343,262,200,561,188,32940
"Mexico, MO Micro Area",320,227,405,35,59,14,0,0,0,136,299,76,6,28,0,33020
"Miami, OK Micro Area",161,100,70,121,76,37,3,0,0,315,70,51,102,74,19,33060
"Miami-Fort Lauderdale-Pompano Beach, FL Metro Area",12421,14034,10336,8280,11334,9069,6470,7422,9390,15211,17428,12821,12661,14146,11476,33100
"Michigan City-La Porte, IN Metro Area",656,863,662,369,431,352,0,8,18,592,583,295,276,171,157,33140
"Middlesborough, KY Micro Area",119,158,128,60,58,31,5,0,0,38,32,126,122,120,100,33180
"Midland, MI Metro Area",708,537,227,157,164,250,65,4,14,617,591,298,424,353,167,33220
"Midland, TX Metro Area",1023,1631,1291,607,868,218,121,111,35,1351,867,1052,248,534,192,33260
"Milledgeville, GA Micro Area",641,498,377,78,93,52,0,0,23,590,328,258,36,53,7,33300
"Milwaukee-Waukesha, WI Metro Area",7086,7016,4587,4218,3645,2652,748,923,476,8368,6664,4757,4215,4933,2985,33340
"Minden, LA Micro Area",74,60,24,26,81,23,0,0,0,38,239,43,138,22,74,33380
"Mineral Wells, TX Micro Area",173,166,64,34,29,8,8,0,0,169,152,195,153,37,1,33420
"Minneapolis-St. Paul-Bloomington, MN-WI Metro Area",26799,27908,18021,12925,12633,8259,2143,2883,1771,26883,26077,17818,13149,11877,6922,33460
"Minot, ND Micro Area",454,688,129,835,838,465,161,129,113,599,424,128,715,1047,554,33500
"Missoula, MT Metro Area",1449,824,264,849,821,836,185,147,65,689,1024,281,800,827,378,33540
"Mitchell, SD Micro Area",429,140,130,40,92,0,28,0,0,187,43,140,93,12,24,33580
"Moberly, MO Micro Area",135,153,131,17,34,2,21,42,7,167,127,50,52,46,9,33620
"Mobile, AL Metro Area",1026,770,480,999,744,731,155,60,30,1084,855,702,1435,1362,1667,33660
"Modesto, CA Metro Area",2392,2007,1857,388,495,701,191,679,262,1712,2501,1609,986,765,216,33700
"Monroe, LA Metro Area",666,756,389,178,191,223,78,49,31,748,626,411,715,232,423,33740
"Monroe, MI Metro Area",743,608,373,313,273,237,10,0,7,580,663,416,447,408,229,33780
"Montgomery, AL Metro Area",2783,2365,1544,870,1039,1283,159,177,153,2337,2117,1530,1045,1020,766,33860
"Montrose, CO Micro Area",98,148,65,114,117,164,0,0,0,243,213,160,394,169,64,33940
"Morehead City, NC Micro Area",418,297,232,176,172,184,16,0,11,453,401,207,189,177,145,33980
"Morgan City, LA Micro Area",210,126,297,55,10,72,10,53,1,162,125,273,101,113,58,34020
"Morgantown, WV Metro Area",1526,950,381,1554,752,412,255,135,337,968,740,313,1216,991,620,34060
"Morristown, TN Metro Area",743,533,474,178,322,246,60,0,0,943,601,485,308,253,105,34100
"Moscow, ID Micro Area",515,134,179,675,306,157,187,0,57,515,260,22,805,527,340,34140
"Moses Lake, WA Micro Area",360,185,99,194,137,50,48,28,0,590,691,81,116,127,52,34180
"Moultrie, GA Micro Area",315,308,25,138,119,3,80,178,16,115,181,185,230,0,67,34220
"Maysville, KY Micro Area",107,75,43,74,63,120,51,0,79,106,85,90,35,27,51,32500
"Mountain Home, AR Micro Area",226,208,55,66,218,119,0,0,25,87,152,102,133,69,25,34260
"Mountain Home, ID Micro Area",336,104,30,338,274,149,149,47,39,103,129,51,186,242,173,34300
"Mount Airy, NC Micro Area",127,264,85,71,112,65,7,36,25,352,184,132,56,59,37,34340
"Mount Gay-Shamrock, WV Micro Area",128,46,67,36,47,22,0,0,6,89,72,80,30,47,0,34350
"Mount Pleasant, MI Micro Area",3180,482,272,219,133,221,28,81,53,1492,615,271,174,113,98,34380
"Mount Pleasant, TX Micro Area",219,352,200,68,85,46,0,0,0,281,259,202,87,22,61,34420
"Mount Sterling, KY Micro Area",476,230,118,4,93,73,0,0,41,400,354,89,96,66,0,34460
"Mount Vernon, IL Micro Area",119,231,202,134,38,20,61,0,0,240,214,128,118,41,117,34500
"Mount Vernon, OH Micro Area",602,254,138,279,79,65,17,0,0,344,226,242,158,27,1,34540
"Mount Vernon-Anacortes, WA Metro Area",587,683,365,305,357,214,51,72,30,583,455,420,87,259,288,34580
"Muncie, IN Metro Area",2540,406,327,671,143,117,138,13,8,1000,704,509,555,341,357,34620
"Murray, KY Micro Area",449,148,233,352,88,58,8,47,90,368,235,13,371,73,62,34660
"Muscatine, IA Micro Area",202,179,83,70,35,22,15,44,32,76,164,125,137,106,239,34700
"Muskegon, MI Metro Area",826,987,706,237,357,229,55,0,46,1486,781,597,359,209,155,34740
"Muskogee, OK Micro Area",328,512,394,289,258,109,19,19,45,415,363,308,260,438,14,34780
"Myrtle Beach-Conway-North Myrtle Beach, SC-NC Metro Area",880,1118,850,1113,1477,1080,63,75,23,1135,808,1026,1343,1544,1061,34820
"Nacogdoches, TX Micro Area",1359,389,107,195,61,44,0,0,27,1035,516,254,235,50,135,34860
"Napa, CA Metro Area",708,961,519,164,284,116,178,124,96,1056,712,584,106,446,424,34900
"Naples-Marco Island, FL Metro Area",1268,783,750,676,650,727,603,357,344,1048,843,549,553,844,688,34940
"Nashville-Davidson--Murfreesboro--Franklin, TN Metro Area",11013,11625,7863,9674,9718,7242,1062,1206,941,10079,10448,8119,7230,7343,5406,34980
"Natchez, MS-LA Micro Area",114,190,110,23,156,83,153,199,280,535,293,97,63,352,160,35020
"Natchitoches, LA Micro Area",451,107,42,559,52,49,24,0,0,109,110,30,124,37,31,35060
"New Bern, NC Metro Area",630,640,219,1651,463,316,290,84,129,515,1043,454,1316,1016,453,35100
"Newberry, SC Micro Area",142,99,17,14,13,4,13,0,0,197,307,121,22,4,8,35140
"New Castle, IN Micro Area",341,359,202,7,70,14,0,0,0,610,332,195,86,66,27,35220
"New Castle, PA Micro Area",325,228,175,186,226,82,5,0,35,324,232,203,329,157,95,35260
"New Haven-Milford, CT Metro Area",2861,2555,1232,3554,3177,1946,522,735,820,2422,2448,1925,3619,3877,2006,35300
"New Orleans-Metairie, LA Metro Area",3731,6631,4297,2835,3430,2596,602,624,626,4863,6529,4227,3596,5613,3454,35380
"New Philadelphia-Dover, OH Micro Area",578,598,276,101,94,312,63,0,0,371,316,220,79,160,75,35420
"Newport, OR Micro Area",327,137,31,147,314,56,15,24,5,144,83,208,19,91,116,35440
"Newport, TN Micro Area",71,70,31,78,31,28,2,25,0,174,146,117,69,59,11,35460
"New Ulm, MN Micro Area",107,81,15,33,21,10,1,1,0,214,170,69,62,45,0,35580
"New York-Newark-Jersey City, NY-NJ-PA Metro Area",48944,70994,55887,44331,53204,34129,17442,21433,16115,54620,72259,58597,57254,72637,58232,35620
"Niles, MI Metro Area",826,578,237,810,901,359,72,58,41,939,385,371,396,370,318,35660
"Nogales, AZ Micro Area",63,156,10,94,132,13,20,212,69,209,190,43,48,32,37,35700
"Norfolk, NE Micro Area",478,370,130,114,76,90,22,0,0,370,428,157,313,67,91,35740
"North Platte, NE Micro Area",143,155,43,77,57,195,5,5,0,164,92,71,154,133,191,35820
"North Port-Sarasota-Bradenton, FL Metro Area",2626,3645,1687,1853,2593,1532,295,333,255,2665,3215,1427,1612,1404,1005,35840
"North Vernon, IN Micro Area",240,194,84,62,49,0,0,19,0,213,78,65,113,17,7,35860
"North Wilkesboro, NC Micro Area",115,122,75,85,0,40,0,0,25,218,253,181,125,59,2,35900
"Norwalk, OH Micro Area",291,252,284,147,81,17,42,15,0,365,542,214,147,54,21,35940
"Norwich-New London, CT Metro Area",983,718,564,2536,1353,739,105,109,40,1275,738,394,2165,1530,855,35980
"Oak Harbor, WA Micro Area",374,298,550,973,584,165,108,51,71,664,353,383,724,532,238,36020
"Ocala, FL Metro Area",1291,1767,942,707,770,863,73,14,49,1191,1103,930,378,532,373,36100
"Ocean City, NJ Metro Area",298,126,152,407,441,92,19,10,0,214,342,151,360,482,88,36140
"Odessa, TX Metro Area",727,937,455,521,894,411,53,18,67,1047,1205,1163,186,180,268,36220
"Ogden-Clearfield, UT Metro Area",4655,4893,3049,1934,1914,1214,833,309,106,5487,4251,2324,2382,2117,1119,36260
"Ogdensburg-Massena, NY Micro Area",989,455,367,118,112,94,65,14,42,542,505,128,440,153,125,36300
"Oil City, PA Micro Area",151,232,80,23,46,34,0,0,0,244,216,87,124,48,28,36340
"Okeechobee, FL Micro Area",129,212,240,73,22,28,2,0,17,146,224,95,183,26,139,36380
"Olean, NY Micro Area",366,284,134,141,101,63,31,13,19,283,351,274,108,157,86,36460
"Olympia-Lacey-Tumwater, WA Metro Area",1582,2383,1342,1189,1970,980,200,367,379,1590,1306,1058,1200,1406,845,36500
"Omaha-Council Bluffs, NE-IA Metro Area",4702,4306,2336,3875,3883,2156,632,649,460,4840,3997,2423,4360,4699,3392,36540
"Oneonta, NY Micro Area",847,234,164,108,97,24,29,0,10,570,272,38,190,133,68,36580
"Ontario, OR-ID Micro Area",118,397,284,282,340,235,19,0,0,186,345,153,285,161,192,36620
"Opelousas, LA Micro Area",329,357,188,63,9,0,35,0,0,630,163,132,192,181,130,36660
"Orangeburg, SC Micro Area",272,128,251,125,36,40,0,13,32,311,473,331,273,75,45,36700
"Orlando-Kissimmee-Sanford, FL Metro Area",15212,15718,10172,6578,8861,6834,2930,4182,3245,15419,15578,9231,8522,7988,5419,36740
"Oshkosh-Neenah, WI Metro Area",3198,1504,639,447,723,173,10,0,45,1910,998,790,394,608,217,36780
"Oskaloosa, IA Micro Area",143,78,35,63,72,5,0,0,0,151,235,82,188,27,133,36820
"Othello, WA Micro Area",131,133,175,7,24,13,76,39,61,435,246,122,2,143,1,36830
"Ottawa, IL Micro Area",979,592,579,271,379,88,0,0,15,1157,628,432,280,344,60,36837
"Ottawa, KS Micro Area",118,206,92,57,13,13,0,0,13,193,254,231,42,36,0,36840
"Ottumwa, IA Micro Area",92,137,52,76,20,50,44,11,0,326,266,151,147,142,168,36900
"Owatonna, MN Micro Area",392,216,42,55,111,67,0,0,0,230,187,75,92,87,35,36940
"Owensboro, KY Metro Area",531,416,261,259,170,141,64,5,12,683,365,399,486,296,258,36980
"Oxford, MS Micro Area",1078,90,113,532,286,433,29,53,8,495,401,163,988,536,124,37060
"Oxnard-Thousand Oaks-Ventura, CA Metro Area",2947,1902,1964,1163,1167,999,414,382,419,3244,2899,1258,2078,1612,911,37100
"Ozark, AL Micro Area",352,149,190,489,786,653,96,76,0,403,221,149,335,307,359,37120
"Paducah, KY-IL Micro Area",198,159,176,269,153,127,0,54,0,422,408,172,434,185,236,37140
"Pahrump, NV Micro Area",126,97,244,44,131,6,0,0,0,90,200,75,130,188,65,37220
"Palatka, FL Micro Area",216,259,179,62,25,107,0,3,18,218,284,260,88,21,88,37260
"Palestine, TX Micro Area",702,755,801,41,5,38,0,6,17,497,806,786,32,50,39,37300
"Palm Bay-Melbourne-Titusville, FL Metro Area",1072,1713,704,1307,2457,1981,531,121,351,2182,1143,896,1805,1299,1043,37340
"Pampa, TX Micro Area",226,135,123,17,37,73,0,0,0,168,172,187,45,48,14,37420
"Panama City, FL Metro Area",460,537,476,1179,962,1013,62,236,49,851,1156,620,774,1128,862,37460
"Paragould, AR Micro Area",246,289,235,196,179,16,0,0,0,148,86,287,97,72,83,37500
"Paris, TN Micro Area",96,111,20,32,115,16,1,1,1,267,156,121,78,77,46,37540
"Paris, TX Micro Area",221,194,112,13,70,38,0,2,0,161,226,222,94,149,52,37580
"Parkersburg-Vienna, WV Metro Area",383,183,152,190,175,49,17,25,0,213,206,53,264,265,276,37620
"Parsons, KS Micro Area",28,86,94,13,103,61,0,0,0,78,106,56,40,53,25,37660
"Payson, AZ Micro Area",180,374,302,80,101,50,6,0,7,245,202,232,34,60,13,37740
"Pearsall, TX Micro Area",299,215,195,10,0,0,437,311,212,133,138,81,12,10,0,37770
"Pecos, TX Micro Area",6,96,9,0,0,231,92,64,38,12,116,32,9,36,34,37780
"Pella, IA Micro Area",294,306,127,78,196,67,38,0,0,491,170,120,157,80,78,37800
"Pensacola-Ferry Pass-Brent, FL Metro Area",2990,2985,1537,5634,4404,1774,174,288,217,3001,2264,1513,4544,4029,1724,37860
"Peoria, IL Metro Area",2100,2575,1407,772,814,527,134,78,113,2650,2077,1639,1553,1004,1058,37900
"Peru, IN Micro Area",218,268,378,416,79,42,0,0,0,263,513,241,7,17,27,37940
"Philadelphia-Camden-Wilmington, PA-NJ-DE-MD Metro Area",22433,26249,17880,20022,23202,15135,3232,4249,3789,20899,24684,16057,21935,24594,16279,37980
"Phoenix-Mesa-Chandler, AZ Metro Area",8752,8365,5373,18710,19771,14428,3398,3811,2427,9036,7445,6281,14728,13999,10830,38060
"Oklahoma City, OK Metro Area",9483,7970,4992,5843,4701,3094,827,745,437,8611,7400,4629,5206,5275,3034,36420
"Picayune, MS Micro Area",73,68,58,56,137,157,0,0,0,138,50,11,82,143,91,38100
"Pierre, SD Micro Area",157,282,197,153,153,120,0,0,0,459,394,129,180,99,37,38180
"Pine Bluff, AR Metro Area",617,636,583,358,243,138,13,6,0,469,559,461,135,183,254,38220
"Pinehurst-Southern Pines, NC Micro Area",369,707,318,239,296,778,0,48,114,362,418,204,343,159,442,38240
"Pittsburg, KS Micro Area",699,50,45,393,161,152,165,0,0,231,95,42,320,48,119,38260
"Pittsburgh, PA Metro Area",9366,7839,5637,6219,6934,4421,1822,1415,1148,10345,8327,5696,8254,7820,5378,38300
"Pittsfield, MA Metro Area",271,269,156,289,326,252,188,80,12,431,200,197,617,421,194,38340
"Plainview, TX Micro Area",571,330,265,28,69,26,0,0,67,174,341,200,47,32,0,38380
"Platteville, WI Micro Area",915,208,41,301,94,84,10,3,0,508,252,272,262,125,16,38420
"Plattsburgh, NY Micro Area",1002,482,397,298,122,25,80,0,8,500,335,270,243,69,7,38460
"Plymouth, IN Micro Area",178,103,176,87,23,54,0,0,8,449,297,113,138,139,21,38500
"Pocatello, ID Metro Area",585,531,328,487,307,306,110,4,0,784,532,324,434,435,180,38540
"Point Pleasant, WV-OH Micro Area",107,210,122,103,37,107,0,3,0,145,213,80,90,52,118,38580
"Ponca City, OK Micro Area",167,198,166,128,185,163,3,0,0,305,124,166,98,64,129,38620
"Ponce, PR Metro Area",,,,,,,,,,,,,,,,38660
"Pontiac, IL Micro Area",224,267,217,0,7,9,3,0,8,828,181,231,77,150,0,38700
"Poplar Bluff, MO Micro Area",127,173,73,52,68,218,0,0,0,354,374,136,86,79,85,38740
"Portales, NM Micro Area",420,9,32,80,74,77,26,55,48,272,92,39,119,69,51,38780
"Port Angeles, WA Micro Area",188,274,95,209,450,236,32,65,0,300,139,116,223,82,156,38820
"Portland-South Portland, ME Metro Area",1944,2325,1204,2260,2679,1948,378,237,197,1720,1498,1344,2685,1980,1034,38860
"Portland-Vancouver-Hillsboro, OR-WA Metro Area",10839,13059,7695,11764,15906,10143,1545,2615,2201,11398,11980,8500,8609,10741,9427,38900
"Port Lavaca, TX Micro Area",9,147,101,1,88,0,8,0,0,77,34,63,23,39,23,38920
"Port St. Lucie, FL Metro Area",1580,2144,1494,459,1134,739,207,82,153,1397,2001,849,828,837,289,38940
"Portsmouth, OH Micro Area",333,305,318,130,114,198,11,0,10,386,448,229,252,56,130,39020
"Pottsville, PA Micro Area",338,389,198,169,144,53,0,2,0,931,495,381,317,120,82,39060
"Poughkeepsie-Newburgh-Middletown, NY Metro Area",2971,2938,2092,1683,812,649,241,260,173,3582,2453,1740,3091,2444,1351,39100
"Prescott Valley-Prescott, AZ Metro Area",703,511,456,506,753,389,12,75,9,502,678,523,562,615,364,39150
"Price, UT Micro Area",214,95,77,45,44,15,8,0,0,353,76,9,96,40,39,39220
"Prineville, OR Micro Area",61,38,81,106,13,0,0,2,0,251,181,63,125,83,40,39260
"Providence-Warwick, RI-MA Metro Area",4099,4740,4320,6361,6442,4230,880,1098,620,3691,4409,3418,6580,5625,4076,39300
"Provo-Orem, UT Metro Area",5393,3254,1378,8099,2646,1322,3567,359,173,3536,3357,1489,3745,5352,1542,39340
"Pueblo, CO Metro Area",540,463,376,532,267,353,100,109,0,1106,911,515,506,251,310,39380
"Pullman, WA Micro Area",1596,383,31,621,455,195,220,125,72,1390,685,192,759,428,183,39420
"Punta Gorda, FL Metro Area",190,367,451,382,393,576,0,39,1,579,840,418,301,307,212,39460
"Quincy, IL-MO Micro Area",346,118,93,206,245,199,9,0,0,301,305,222,402,129,131,39500
"Racine, WI Metro Area",1180,857,763,362,324,235,0,120,3,827,876,503,421,242,128,39540
"Raleigh-Cary, NC Metro Area",7712,7468,4688,4346,6309,4447,1253,1556,971,7026,6083,4221,4073,4351,2687,39580
"Rapid City, SD Metro Area",1081,837,512,1317,1040,334,129,115,139,1001,575,380,829,989,582,39660
"Raymondville, TX Micro Area",210,191,26,43,0,0,37,10,7,186,45,92,34,0,41,39700
"Reading, PA Metro Area",1665,1633,846,702,565,399,154,317,91,1840,1559,1231,1007,603,410,39740
"Red Bluff, CA Micro Area",402,312,248,162,59,6,6,0,0,165,317,263,136,56,13,39780
"Redding, CA Metro Area",816,765,694,395,192,91,188,94,45,755,875,629,267,253,245,39820
"Red Wing, MN Micro Area",191,165,154,328,69,85,21,15,34,284,128,182,282,102,53,39860
"Reno, NV Metro Area",1498,804,432,1876,2461,1927,364,207,237,911,969,656,2084,2258,1395,39900
"Rexburg, ID Micro Area",883,234,222,2653,426,206,448,64,0,777,710,388,1790,1746,269,39940
"Richmond, IN Micro Area",171,87,170,450,327,137,3,0,2,371,212,28,204,100,67,39980
"Richmond, VA Metro Area",10745,12741,7853,2972,4981,3229,662,1144,634,9708,12100,6817,4349,4429,2284,40060
"Richmond-Berea, KY Micro Area",1670,620,397,385,120,98,11,0,6,1106,774,234,427,295,68,40080
"Rio Grande City-Roma, TX Micro Area",248,102,93,0,0,13,40,31,36,317,180,130,28,25,51,40100
"Riverside-San Bernardino-Ontario, CA Metro Area",17706,23518,17497,6023,6462,5420,2563,1931,1636,14868,16910,12517,9577,8230,4961,40140
"Riverton, WY Micro Area",146,100,69,79,228,127,2,4,0,171,64,46,155,92,24,40180
"Roanoke, VA Metro Area",1995,2812,1303,730,561,532,139,65,38,1907,2596,1560,849,1263,447,40220
"Roanoke Rapids, NC Micro Area",231,335,157,51,108,52,0,0,1,134,322,183,87,171,61,40260
"Rochelle, IL Micro Area",240,162,176,100,110,106,3,16,17,372,332,207,276,85,98,40300
"Rochester, MN Metro Area",1340,1231,609,1553,1234,704,99,119,176,1457,1364,542,775,721,340,40340
"Rochester, NY Metro Area",7277,4310,2519,3560,1835,1602,1287,1014,389,6076,4254,2388,3796,3327,1620,40380
"Rockford, IL Metro Area",1419,1259,801,866,770,495,122,21,122,996,777,525,1027,931,736,40420
"Rockingham, NC Micro Area",119,156,170,149,62,17,1,51,0,422,215,58,54,29,83,40460
"Rockport, TX Micro Area",114,167,193,22,0,0,132,43,67,165,268,215,0,2,13,40530
"Rock Springs, WY Micro Area",337,116,110,210,383,93,4,0,9,101,115,66,157,456,150,40540
"Rocky Mount, NC Metro Area",690,1175,578,338,436,135,53,39,1,920,867,517,120,80,129,40580
"Rolla, MO Micro Area",795,179,94,111,62,99,106,60,24,674,419,144,400,188,46,40620
"Rome, GA Metro Area",569,384,318,432,237,194,29,27,0,378,506,436,226,102,43,40660
"Roseburg, OR Micro Area",273,446,259,315,468,305,44,0,0,655,175,256,316,216,95,40700
"Roswell, NM Micro Area",349,109,177,141,232,236,7,13,6,266,80,33,212,123,162,40740
"Ruidoso, NM Micro Area",3,72,6,192,138,6,7,0,7,23,112,39,98,3,23,40760
"Russellville, AR Micro Area",1109,384,161,188,109,124,59,118,23,1011,447,316,191,118,71,40780
"Ruston, LA Micro Area",566,123,50,277,87,38,97,0,25,438,345,82,388,348,125,40820
"Rutland, VT Micro Area",151,40,35,249,164,158,1,27,0,132,245,132,418,332,158,40860
"Sacramento-Roseville-Folsom, CA Metro Area",15751,15434,10912,3892,4769,2952,1970,1901,1412,11890,12960,8544,5536,4681,3890,40900
"Safford, AZ Micro Area",244,511,279,109,93,20,24,66,11,553,139,138,141,33,49,40940
"Saginaw, MI Metro Area",1180,683,568,250,333,92,72,10,11,1609,817,734,258,339,79,40980
"St. Cloud, MN Metro Area",2809,1892,843,975,360,232,263,4,4,2207,2301,857,640,240,172,41060
"St. George, UT Metro Area",392,816,188,413,475,464,172,30,35,910,807,264,582,741,539,41100
"St. Joseph, MO-KS Metro Area",995,769,779,546,307,160,43,59,0,866,671,633,476,400,338,41140
"St. Louis, MO-IL Metro Area",12309,14518,9226,9188,9557,6449,1624,1348,917,12688,14317,9146,11287,10101,6478,41180
"St. Marys, GA Micro Area",211,330,99,757,722,232,0,22,26,163,317,21,547,715,682,41220
"St. Marys, PA Micro Area",29,49,30,18,23,14,0,0,0,326,78,26,48,26,57,41260
"Salem, OH Micro Area",374,183,203,204,170,173,0,0,24,582,400,195,254,296,256,41400
"Salem, OR Metro Area",3323,3131,1781,1512,1008,503,160,186,117,3934,3174,1738,1074,832,643,41420
"Salina, KS Micro Area",486,345,118,475,49,202,12,0,26,406,182,183,269,128,37,41460
"Salinas, CA Metro Area",2228,1890,1382,1744,1646,871,366,328,449,2341,1606,1425,1356,1385,1050,41500
"Salisbury, MD-DE Metro Area",1212,1225,774,1603,1439,1179,194,51,58,1066,1088,626,1667,1381,742,41540
"Salt Lake City, UT Metro Area",5963,5260,2296,5728,5882,3938,1573,1100,836,5334,4839,2996,4385,5473,3661,41620
"San Angelo, TX Metro Area",904,581,631,900,314,322,39,32,9,884,1063,708,473,239,254,41660
"San Antonio-New Braunfels, TX Metro Area",11412,11336,7367,6605,7622,5827,1991,1960,1956,10070,10905,8099,7627,6047,4634,41700
"San Diego-Chula Vista-Carlsbad, CA Metro Area",9414,9536,5707,13369,14643,9191,5129,5490,3574,11678,9696,5877,15194,15147,9755,41740
"Sandpoint, ID Micro Area",28,88,99,125,164,154,14,19,0,175,173,68,108,95,106,41760
"Sandusky, OH Micro Area",304,323,316,21,213,66,25,0,0,479,325,187,108,136,65,41780
"Sanford, NC Micro Area",262,250,213,53,114,18,0,32,6,156,377,226,100,251,315,41820
"San Francisco-Oakland-Berkeley, CA Metro Area",24785,33887,26159,10953,15501,10132,5381,7811,7933,24939,34198,29001,10722,13935,12766,41860
"San Germán, PR Metro Area",,,,,,,,,,,,,,,,41900
"San Jose-Sunnyvale-Santa Clara, CA Metro Area",8760,10671,6622,5871,7764,5431,2731,4994,4154,10180,12138,8851,5032,5288,3959,41940
"San Juan-Bayamón-Caguas, PR Metro Area",,,,,,,,,,,,,,,,41980
"San Luis Obispo-Paso Robles, CA Metro Area",3098,1429,887,868,732,509,168,84,31,3121,1182,713,949,470,270,42020
"Santa Cruz-Watsonville, CA Metro Area",3644,1613,755,931,1145,210,477,163,72,2579,1729,1064,941,741,293,42100
"Santa Fe, NM Metro Area",264,518,326,249,444,245,41,47,65,290,321,274,221,356,625,42140
"Santa Isabel, PR Micro Area",,,,,,,,,,,,,,,,42180
"Santa Maria-Santa Barbara, CA Metro Area",4453,1543,1095,1600,867,630,786,612,219,3392,2924,937,1436,1369,1093,42200
"Santa Rosa-Petaluma, CA Metro Area",1769,2033,1898,840,639,615,513,260,42,2533,1518,1423,828,1467,655,42220
"Sault Ste. Marie, MI Micro Area",461,124,444,20,28,50,17,3,3,320,311,191,144,103,66,42300
"Savannah, GA Metro Area",2664,2235,2290,2230,2256,1457,548,213,295,2223,2090,1547,1977,2495,1452,42340
"Sayre, PA Micro Area",198,52,82,119,125,164,9,0,11,251,251,55,173,270,96,42380
"Scottsbluff, NE Micro Area",122,136,111,338,135,70,4,0,0,240,127,56,213,81,58,42420
"Scottsboro, AL Micro Area",29,91,28,39,111,140,0,0,0,378,66,200,162,7,0,42460
"Scottsburg, IN Micro Area",194,198,54,59,0,20,0,0,0,156,37,52,47,4,0,42500
"Scranton--Wilkes-Barre, PA Metro Area",1860,1758,1245,1686,1533,919,171,189,205,1938,1886,1339,1686,810,526,42540
"Searcy, AR Micro Area",373,311,254,242,32,98,94,0,0,366,508,230,246,160,105,42620
"Seattle-Tacoma-Bellevue, WA Metro Area",14726,18198,11772,21782,26809,17825,5210,6670,5650,15345,18197,12184,14041,16158,11911,42660
"Sebastian-Vero Beach, FL Metro Area",520,488,128,205,473,382,695,95,13,323,399,249,288,330,282,42680
"Sebring-Avon Park, FL Metro Area",321,325,101,125,74,136,59,56,52,228,428,195,206,146,81,42700
"Sedalia, MO Micro Area",204,210,132,37,31,121,8,0,3,220,174,184,127,159,113,42740
"Selinsgrove, PA Micro Area",139,157,74,63,0,60,11,8,13,454,251,142,126,98,0,42780
"Selma, AL Micro Area",42,90,52,1,44,23,0,0,1,218,312,110,84,23,0,42820
"Seneca, SC Micro Area",449,154,67,445,340,101,0,17,18,546,207,127,96,235,139,42860
"Seneca Falls, NY Micro Area",401,415,268,66,22,46,14,2,0,326,337,109,0,41,17,42900
"Sevierville, TN Micro Area",214,368,185,317,607,191,283,24,0,610,450,169,244,602,131,42940
"Seymour, IN Micro Area",134,158,8,48,52,55,22,22,16,452,131,121,72,45,6,42980
"Shawano, WI Micro Area",170,328,151,20,27,10,0,7,4,381,254,86,30,5,0,43020
"Shawnee, OK Micro Area",323,334,201,204,230,21,0,0,0,466,378,253,239,219,85,43060
"Sheboygan, WI Metro Area",443,316,140,274,145,59,37,53,5,830,557,287,304,197,48,43100
"Shelby, NC Micro Area",479,315,233,212,277,117,0,4,0,621,242,149,354,15,86,43140
"Shelbyville, TN Micro Area",64,303,110,168,32,28,16,20,26,207,208,266,42,34,200,43180
"Shelton, WA Micro Area",437,397,597,187,150,69,0,30,0,304,817,351,128,54,54,43220
"Sheridan, WY Micro Area",211,48,92,115,117,131,0,13,0,116,101,23,142,154,72,43260
"Sherman-Denison, TX Metro Area",630,521,363,300,292,215,39,86,28,539,479,280,447,226,150,43300
"Show Low, AZ Micro Area",528,609,510,121,317,89,14,18,11,261,684,479,371,177,134,43320
"Shreveport-Bossier City, LA Metro Area",1193,1474,976,1354,832,1033,87,83,166,1340,1890,1130,1432,1479,1409,43340
"Sidney, OH Micro Area",212,417,44,75,35,23,1,14,0,341,179,127,0,15,0,43380
"Sierra Vista-Douglas, AZ Metro Area",397,680,410,1330,1110,649,138,94,166,703,694,612,833,918,537,43420
"Sikeston, MO Micro Area",273,214,244,71,16,0,0,58,0,247,233,127,87,26,53,43460
"Silver City, NM Micro Area",21,71,32,49,9,101,2,0,0,30,39,1,179,61,104,43500
"Sioux City, IA-NE-SD Metro Area",618,371,306,726,401,347,71,39,29,772,388,223,809,718,516,43580
"Sioux Falls, SD Metro Area",3168,1826,1145,1412,883,921,193,29,165,2738,1833,1260,1390,872,1151,43620
"Snyder, TX Micro Area",101,262,224,12,0,19,6,0,0,277,80,72,5,40,6,43660
"Somerset, KY Micro Area",240,118,149,58,52,156,0,4,30,179,124,113,232,91,238,43700
"Somerset, PA Micro Area",251,405,297,96,89,57,17,2,7,248,183,276,192,44,30,43740
"Sonora, CA Micro Area",494,490,483,71,52,111,3,0,0,509,529,285,66,73,21,43760
"South Bend-Mishawaka, IN-MI Metro Area",1560,948,494,2165,1029,833,256,340,85,1142,1018,810,1694,1891,1036,43780
"Spartanburg, SC Metro Area",1391,1535,1198,562,1055,602,101,24,32,1759,1087,743,393,797,605,43900
"Spearfish, SD Micro Area",313,181,72,179,85,88,40,0,1,216,150,66,233,163,89,43940
"Spencer, IA Micro Area",397,88,79,115,22,44,14,0,13,79,121,138,0,57,9,43980
"Spirit Lake, IA Micro Area",133,50,53,19,47,31,16,1,23,170,155,2,198,53,101,44020
"Springfield, IL Metro Area",1085,751,331,392,447,187,23,25,79,815,724,463,760,412,228,44100
"Springfield, MA Metro Area",4810,2067,1561,2291,1863,1157,776,426,421,3799,2039,1382,2657,2237,1549,44140
"Springfield, MO Metro Area",4273,2513,1646,1427,796,1136,199,158,79,3380,2549,1571,1832,1206,733,44180
"Springfield, OH Metro Area",667,493,519,184,111,195,118,36,21,792,823,467,160,64,114,44220
"Starkville, MS Micro Area",2142,386,142,341,179,133,51,16,34,1039,367,173,643,652,313,44260
"State College, PA Metro Area",4364,1100,271,2033,485,381,242,542,172,1873,1144,420,1852,1108,740,44300
"Statesboro, GA Micro Area",1459,389,280,369,72,73,56,41,44,1491,781,230,331,88,81,44340
"Staunton, VA Metro Area",1422,1248,781,261,243,106,0,16,76,1314,796,642,256,246,52,44420
"Steamboat Springs, CO Micro Area",223,230,164,152,36,93,0,0,0,208,221,38,130,133,164,44460
"Stephenville, TX Micro Area",1033,380,130,131,47,12,10,97,0,829,407,114,126,56,67,44500
"Sterling, CO Micro Area",204,206,201,111,46,33,4,1,0,129,425,90,46,76,213,44540
"Sterling, IL Micro Area",241,168,75,115,158,63,0,8,49,373,148,78,178,102,182,44580
"Stevens Point, WI Micro Area",1838,517,137,355,139,47,84,115,22,986,500,327,357,143,11,44620
"Stillwater, OK Micro Area",2607,289,300,1336,342,242,541,249,48,1133,701,314,1229,674,285,44660
"Stockton, CA Metro Area",3474,4306,2967,904,623,609,363,387,233,3556,3743,2329,1135,749,957,44700
"Storm Lake, IA Micro Area",180,21,49,110,24,28,30,18,3,233,31,20,47,54,20,44740
"Sturgis, MI Micro Area",203,242,148,209,118,104,0,7,0,315,271,138,126,345,88,44780
"Sulphur Springs, TX Micro Area",206,103,110,95,35,3,0,35,0,248,297,213,118,6,4,44860
"Summerville, GA Micro Area",104,30,46,16,1,9,19,0,0,123,51,174,27,49,69,44900
"Sumter, SC Metro Area",560,261,260,568,470,437,103,161,60,717,375,327,847,698,284,44940
"Sunbury, PA Micro Area",480,323,421,13,162,101,0,29,19,420,506,334,179,58,15,44980
"Susanville, CA Micro Area",1123,1232,715,80,132,71,14,36,19,428,349,242,89,128,42,45000
"Sweetwater, TX Micro Area",136,58,35,29,0,61,90,0,0,228,156,65,42,0,15,45020
"Syracuse, NY Metro Area",3023,2459,1362,1638,974,817,542,361,556,4221,3175,1553,2927,2068,1022,45060
"Tahlequah, OK Micro Area",632,374,183,109,58,103,0,7,0,246,235,168,84,122,44,45140
"Talladega-Sylacauga, AL Micro Area",350,495,395,257,108,69,0,26,0,366,283,194,113,36,144,45180
"Tallahassee, FL Metro Area",6872,2570,1863,2514,1132,700,348,329,100,5732,3007,1423,1971,1601,1055,45220
"Tampa-St. Petersburg-Clearwater, FL Metro Area",11327,13912,9120,7343,10035,7667,2328,2496,2700,11088,12490,8982,7535,8059,6282,45300
"Taos, NM Micro Area",77,12,16,77,141,3,0,0,0,13,62,68,24,79,30,45340
"Taylorville, IL Micro Area",99,96,91,35,10,5,0,0,0,474,145,121,73,15,137,45380
"Terre Haute, IN Metro Area",2056,828,791,583,271,225,23,96,51,1604,870,658,653,420,400,45460
"Texarkana, TX-AR Metro Area",547,443,534,454,488,721,54,0,0,759,340,520,776,434,702,45500
"The Dalles, OR Micro Area",319,131,122,63,69,119,7,47,0,192,104,48,97,18,12,45520
"The Villages, FL Metro Area",155,396,444,102,194,179,33,91,91,378,253,298,43,175,217,45540
"Thomaston, GA Micro Area",146,145,75,18,9,55,0,0,0,205,102,132,50,0,17,45580
"Thomasville, GA Micro Area",362,280,93,228,287,242,9,0,0,257,210,173,161,104,21,45620
"Tiffin, OH Micro Area",483,289,256,150,12,59,100,11,0,768,616,242,182,75,121,45660
"Tifton, GA Micro Area",85,403,98,108,16,0,0,0,11,388,318,101,31,46,58,45700
"Toccoa, GA Micro Area",118,21,32,17,193,39,8,0,0,128,138,57,87,14,16,45740
"Toledo, OH Metro Area",4818,2403,1419,1916,1800,937,355,244,113,3427,2897,1575,2434,1822,1216,45780
"Spokane-Spokane Valley, WA Metro Area",3212,2706,1399,2319,2043,1830,370,356,179,2176,2209,843,2184,1340,1387,44060
"Topeka, KS Metro Area",1485,975,579,508,458,270,73,6,0,2233,943,522,526,420,406,45820
"Torrington, CT Micro Area",755,711,447,263,337,325,29,11,15,592,519,227,587,579,226,45860
"Traverse City, MI Micro Area",974,835,509,132,315,155,0,47,0,1362,1063,417,489,229,208,45900
"Trenton-Princeton, NJ Metro Area",1643,1563,1293,1778,1177,1173,320,421,268,1081,1790,1252,2166,1747,1731,45940
"Troy, AL Micro Area",626,135,53,131,61,38,149,6,0,472,464,91,305,69,45,45980
"Truckee-Grass Valley, CA Micro Area",269,144,295,19,92,147,23,39,25,293,313,239,111,113,280,46020
"Tucson, AZ Metro Area",4072,2767,2168,5176,3964,3376,1608,1027,606,3308,2537,833,4504,4084,2637,46060
"Tullahoma-Manchester, TN Micro Area",699,423,229,224,84,164,10,11,23,421,372,302,389,344,70,46100
"Tulsa, OK Metro Area",5247,5090,3102,3011,2903,1796,373,437,225,5471,4804,2915,2917,2430,2271,46140
"Tupelo, MS Micro Area",695,717,439,160,351,192,0,4,0,1405,880,466,274,366,195,46180
"Tuscaloosa, AL Metro Area",1464,647,533,1025,808,454,55,126,78,2120,1010,667,1688,929,524,46220
"Twin Falls, ID Metro Area",543,684,637,246,664,352,19,29,0,931,709,152,514,417,201,46300
"Tyler, TX Metro Area",981,1036,623,356,388,419,134,17,7,1657,2138,1064,312,441,137,46340
"Ukiah, CA Micro Area",181,468,134,188,153,176,9,0,30,298,187,183,115,107,38,46380
"Union, SC Micro Area",83,157,79,13,14,13,0,0,0,51,55,45,52,88,2,46420
"Union City, TN Micro Area",190,91,103,80,83,51,10,0,0,169,166,37,29,26,37,46460
"Urbana, OH Micro Area",244,275,254,28,50,24,37,18,0,407,297,123,40,48,9,46500
"Urban Honolulu, HI Metro Area",516,683,534,6329,5658,4081,1440,1662,1009,516,562,459,7525,7846,5700,46520
"Utica-Rome, NY Metro Area",1173,1163,791,534,276,132,151,82,46,1540,933,728,532,403,301,46540
"Uvalde, TX Micro Area",110,47,25,166,0,0,0,5,23,169,211,199,11,0,0,46620
"Valdosta, GA Metro Area",1412,581,335,1309,607,368,224,83,116,1104,725,570,611,618,493,46660
"Vallejo, CA Metro Area",2564,3351,2496,808,720,668,442,379,359,1936,2581,2122,954,1030,1132,46700
"Van Wert, OH Micro Area",72,69,160,8,18,38,0,0,0,271,143,122,88,109,43,46780
"Vermillion, SD Micro Area",390,59,35,358,118,56,15,20,28,480,67,50,346,183,77,46820
"Vernal, UT Micro Area",5,157,68,57,109,172,33,1,0,300,189,105,204,230,5,46860
"Vernon, TX Micro Area",121,74,52,10,16,40,0,0,0,71,34,28,13,17,2,46900
"Vicksburg, MS Micro Area",144,60,47,1,20,112,0,0,15,230,150,46,77,109,190,46980
"Victoria, TX Metro Area",735,698,595,102,187,7,0,0,7,641,582,389,60,94,21,47020
"Vidalia, GA Micro Area",338,309,145,48,61,16,2,0,0,447,454,225,0,104,36,47080
"Vincennes, IN Micro Area",583,41,103,167,119,0,25,10,0,405,215,92,25,65,52,47180
"Vineland-Bridgeton, NJ Metro Area",202,837,748,174,152,172,31,168,13,708,925,891,439,166,197,47220
"Vineyard Haven, MA Micro Area",0,31,14,47,24,72,0,0,0,11,44,3,44,51,13,47240
"Virginia Beach-Norfolk-Newport News, VA-NC Metro Area",14217,13795,8533,16234,12060,7401,1818,2342,1414,15717,14415,8392,9500,11649,6319,47260
"Visalia, CA Metro Area",621,1253,834,217,382,120,131,58,167,1836,1153,700,491,218,273,47300
"Wabash, IN Micro Area",265,188,37,105,24,0,12,0,23,310,211,299,77,0,0,47340
"Waco, TX Metro Area",2034,1460,930,956,552,567,235,114,37,2659,2178,1172,666,358,493,47380
"Wahpeton, ND-MN Micro Area",285,39,67,186,128,25,0,0,0,251,186,106,183,73,69,47420
"Walla Walla, WA Metro Area",477,512,335,690,248,102,25,0,31,662,690,302,280,276,184,47460
"Wapakoneta, OH Micro Area",332,244,178,54,22,40,0,0,0,359,307,43,189,80,15,47540
"Warner Robins, GA Metro Area",997,732,553,732,573,544,60,40,89,1053,1373,632,348,389,476,47580
"Warren, PA Micro Area",74,67,65,80,39,24,0,0,3,105,87,58,127,62,91,47620
"Warrensburg, MO Micro Area",1210,387,47,824,484,150,56,122,10,555,373,141,508,520,206,47660
"Warsaw, IN Micro Area",636,425,294,236,167,127,11,0,82,442,314,219,118,78,65,47700
"Washington, IN Micro Area",169,92,55,26,59,34,0,0,0,262,54,90,34,39,9,47780
"Washington, NC Micro Area",45,42,33,68,26,29,0,0,0,297,180,79,48,36,70,47820
"Washington-Arlington-Alexandria, DC-VA-MD-WV Metro Area",24765,28269,21818,37180,43240,30039,8425,7948,7682,27046,28767,23398,32357,42879,31669,47900
"Washington Court House, OH Micro Area",122,227,111,44,59,0,0,0,104,191,232,172,10,2,43,47920
"Waterloo-Cedar Falls, IA Metro Area",2178,579,448,362,408,160,190,119,66,2689,1067,473,760,384,277,47940
"Watertown, SD Micro Area",350,56,96,87,148,92,5,53,33,374,159,79,240,104,68,47980
"Watertown-Fort Atkinson, WI Micro Area",1028,515,501,232,116,25,20,56,59,770,887,243,98,163,109,48020
"Watertown-Fort Drum, NY Metro Area",635,653,312,1844,1304,616,562,287,149,771,672,369,1083,1826,997,48060
"Wauchula, FL Micro Area",103,63,68,0,0,0,54,0,0,89,142,41,82,41,48,48100
"Wausau-Weston, WI Metro Area",1269,870,351,151,262,184,29,28,22,1208,609,351,499,339,230,48140
"Waycross, GA Micro Area",96,195,123,64,45,41,0,0,0,234,320,254,82,60,230,48180
"Weatherford, OK Micro Area",560,217,129,44,59,7,16,36,0,473,310,43,7,156,43,48220
"Weirton-Steubenville, WV-OH Metro Area",460,208,232,621,444,303,52,11,0,503,277,151,394,466,360,48260
"Wenatchee, WA Metro Area",725,735,400,219,277,234,62,54,90,763,757,632,342,256,114,48300
"West Plains, MO Micro Area",265,126,43,109,66,42,0,0,10,349,74,133,79,65,64,48460
"West Point, MS Micro Area",75,34,36,0,0,24,0,0,0,57,25,30,156,0,21,48500
"Wheeling, WV-OH Metro Area",425,437,263,169,359,176,7,37,0,608,442,318,227,354,244,48540
"Whitewater, WI Micro Area",1463,698,310,585,197,154,21,16,0,694,411,356,440,170,225,48580
"Wichita, KS Metro Area",3472,2359,1198,2209,2091,1893,292,332,263,3557,2288,1241,2067,2045,1083,48620
"Wichita Falls, TX Metro Area",881,1068,637,1641,847,704,167,205,88,880,701,360,1380,872,662,48660
"Williamsport, PA Metro Area",531,431,398,242,89,49,21,78,72,926,435,409,194,204,30,48700
"Williston, ND Micro Area",109,370,146,282,462,175,33,1,0,95,24,81,302,374,144,48780
"Willmar, MN Micro Area",146,301,118,184,84,27,10,40,6,356,160,94,113,24,26,48820
"Wilmington, NC Metro Area",2859,1490,1193,708,1422,577,120,52,43,1858,1558,1412,1072,887,662,48900
"Wilmington, OH Micro Area",409,306,381,4,100,22,0,0,0,370,293,321,9,55,23,48940
"Wilson, NC Micro Area",314,477,31,56,131,70,0,0,49,268,365,219,172,19,195,48980
"Winchester, VA-WV Metro Area",907,1009,512,260,522,234,7,0,3,765,970,353,472,411,228,49020
"Winfield, KS Micro Area",211,76,74,203,75,84,5,0,0,218,134,101,68,104,64,49060
"Winnemucca, NV Micro Area",99,141,99,101,68,150,0,0,0,0,27,84,78,119,66,49080
"Winona, MN Micro Area",628,214,102,224,176,45,22,33,12,582,231,126,767,212,62,49100
"Winston-Salem, NC Metro Area",3340,3421,2249,2187,1644,1058,392,138,92,3449,3654,2308,1381,1454,1084,49180
"Wisconsin Rapids-Marshfield, WI Micro Area",436,285,292,125,72,61,0,0,8,645,465,279,175,178,13,49220
"Woodward, OK Micro Area",183,273,207,118,13,62,0,0,0,306,251,122,7,28,0,49260
"Wooster, OH Micro Area",538,507,306,191,162,32,29,80,18,973,383,363,169,326,72,49300
"Worcester, MA-CT Metro Area",3316,3189,2010,2280,1989,1433,904,653,486,3567,2859,1663,4108,3488,1879,49340
"Worthington, MN Micro Area",27,50,26,73,23,4,8,0,52,64,117,27,149,79,33,49380
"Yakima, WA Metro Area",581,585,545,449,361,120,141,78,84,657,517,281,625,231,203,49420
"Yankton, SD Micro Area",129,94,47,260,96,146,0,0,0,231,36,120,73,87,75,49460
"Yauco, PR Metro Area",,,,,,,,,,,,,,,,49500
"York-Hanover, PA Metro Area",1202,1749,1069,1283,985,644,154,171,110,1635,1190,683,1034,824,479,49620
"Youngstown-Warren-Boardman, OH-PA Metro Area",1691,1864,1100,1178,1005,557,73,95,34,3330,1960,1260,1062,1641,546,49660
"Yuba City, CA Metro Area",1323,1128,827,444,473,350,227,422,105,1456,1259,755,338,581,255,49700
"Yuma, AZ Metro Area",378,535,196,1829,833,524,622,247,112,510,780,516,861,768,532,49740
"Zanesville, OH Micro Area",490,262,132,96,48,84,3,0,0,433,662,246,191,22,3,49780
"Zapata, TX Micro Area",158,54,99,0,0,0,0,0,0,76,39,6,0,27,0,49820
